> Task :ai-analyzer:checkKotlinGradlePluginConfigurationErrors SKIPPED
> Task :common:checkKotlinGradlePluginConfigurationErrors SKIPPED
> Task :common:compileKotlin UP-TO-DATE
> Task :common:compileJava NO-SOURCE
> Task :common:processResources NO-SOURCE
> Task :common:classes UP-TO-DATE
> Task :common:jar UP-TO-DATE
> Task :sandbox:checkKotlinGradlePluginConfigurationErrors SKIPPED
> Task :sandbox:compileKotlin UP-TO-DATE
> Task :sandbox:compileJava NO-SOURCE
> Task :sandbox:processResources NO-SOURCE
> Task :sandbox:classes UP-TO-DATE
> Task :sandbox:jar UP-TO-DATE
> Task :ai-analyzer:compileKotlin UP-TO-DATE
> Task :ai-analyzer:compileJava NO-SOURCE
> Task :ai-analyzer:processResources UP-TO-DATE
> Task :ai-analyzer:classes UP-TO-DATE

> Task :ai-analyzer:runExperiment
[runner] mode=real variants=[b1, b1f, b2] items=60 runs=3 gitCommit=6edf30e
18:03:31.148 [main] WARN ru.aianalyzer.client.GigaChatClient -- GigaChat client TLS trust-all enabled — every server certificate accepted. MITM possible. Production MUST set gigachat.tls.trust-all=false and install Минцифры root CA into the JDK trust store.
18:03:31.280 [main] WARN ru.aianalyzer.client.GigaChatClient -- GigaChat client TLS trust-all enabled — every server certificate accepted. MITM possible. Production MUST set gigachat.tls.trust-all=false and install Минцифры root CA into the JDK trust store.
18:03:31.281 [main] WARN ru.aianalyzer.client.GigaChatClient -- GigaChat client TLS trust-all enabled — every server certificate accepted. MITM possible. Production MUST set gigachat.tls.trust-all=false and install Минцифры root CA into the JDK trust store.
18:03:31.397 [main] INFO ru.aianalyzer.client.GigaChatClient -- Requesting new GigaChat OAuth token, rqUID=a00d6e41-98a4-45ca-909c-fa43e32bf6f3 scope=GIGACHAT_API_PERS
18:03:32.574 [main] INFO ru.aianalyzer.client.GigaChatClient -- GigaChat chat URI=https://gigachat.devices.sberbank.ru/api/v1/chat/completions bodySize=4055 tokenLen=1233
18:03:35.649 [main] WARN ru.aianalyzer.service.GigaChatAnalyzer -- GigaChat output contradicts sandbox: passed=0/1 quality=60 → clamp 40
18:03:35.669 [main] INFO ru.aianalyzer.client.GigaChatClient -- GigaChat chat URI=https://gigachat.devices.sberbank.ru/api/v1/chat/completions bodySize=4045 tokenLen=1233
18:03:37.499 [main] WARN ru.aianalyzer.service.GigaChatAnalyzer -- GigaChat output contradicts sandbox: passed=0/1 quality=60 → clamp 40
18:03:37.506 [main] INFO ru.aianalyzer.client.GigaChatClient -- GigaChat chat URI=https://gigachat.devices.sberbank.ru/api/v1/chat/completions bodySize=4307 tokenLen=1233
18:03:38.860 [main] WARN ru.aianalyzer.service.GigaChatAnalyzer -- GigaChat output contradicts sandbox: passed=0/1 quality=60 → clamp 40
18:03:38.864 [main] INFO ru.aianalyzer.client.GigaChatClient -- GigaChat chat URI=https://gigachat.devices.sberbank.ru/api/v1/chat/completions bodySize=3945 tokenLen=1233
18:03:40.133 [main] INFO ru.aianalyzer.client.GigaChatClient -- GigaChat chat URI=https://gigachat.devices.sberbank.ru/api/v1/chat/completions bodySize=4090 tokenLen=1233
18:03:41.373 [main] INFO ru.aianalyzer.client.GigaChatClient -- GigaChat chat URI=https://gigachat.devices.sberbank.ru/api/v1/chat/completions bodySize=4038 tokenLen=1233
18:03:42.756 [main] INFO ru.aianalyzer.client.GigaChatClient -- GigaChat chat URI=https://gigachat.devices.sberbank.ru/api/v1/chat/completions bodySize=3947 tokenLen=1233
18:03:44.274 [main] WARN ru.aianalyzer.service.GigaChatAnalyzer -- GigaChat output contradicts sandbox: passed=0/1 quality=50 → clamp 40
18:03:44.284 [main] INFO ru.aianalyzer.client.GigaChatClient -- GigaChat chat URI=https://gigachat.devices.sberbank.ru/api/v1/chat/completions bodySize=3952 tokenLen=1233
18:03:45.446 [main] WARN ru.aianalyzer.service.GigaChatAnalyzer -- GigaChat output contradicts sandbox: passed=0/1 quality=50 → clamp 40
18:03:45.450 [main] INFO ru.aianalyzer.client.GigaChatClient -- GigaChat chat URI=https://gigachat.devices.sberbank.ru/api/v1/chat/completions bodySize=4050 tokenLen=1233
18:03:46.846 [main] WARN ru.aianalyzer.service.GigaChatAnalyzer -- GigaChat output contradicts sandbox: passed=0/1 quality=60 → clamp 40
18:03:46.850 [main] INFO ru.aianalyzer.client.GigaChatClient -- GigaChat chat URI=https://gigachat.devices.sberbank.ru/api/v1/chat/completions bodySize=3898 tokenLen=1233
18:03:48.111 [main] WARN ru.aianalyzer.service.GigaChatAnalyzer -- GigaChat output contradicts sandbox: passed=0/1 quality=50 → clamp 40
18:03:48.142 [main] INFO ru.aianalyzer.client.GigaChatClient -- GigaChat chat URI=https://gigachat.devices.sberbank.ru/api/v1/chat/completions bodySize=3925 tokenLen=1233
18:03:49.589 [main] INFO ru.aianalyzer.client.GigaChatClient -- GigaChat chat URI=https://gigachat.devices.sberbank.ru/api/v1/chat/completions bodySize=3935 tokenLen=1233
18:03:51.288 [main] INFO ru.aianalyzer.client.GigaChatClient -- GigaChat chat URI=https://gigachat.devices.sberbank.ru/api/v1/chat/completions bodySize=4220 tokenLen=1233
18:03:52.687 [main] WARN ru.aianalyzer.service.GigaChatAnalyzer -- GigaChat output contradicts sandbox: passed=0/1 quality=60 → clamp 40
18:03:52.691 [main] INFO ru.aianalyzer.client.GigaChatClient -- GigaChat chat URI=https://gigachat.devices.sberbank.ru/api/v1/chat/completions bodySize=4094 tokenLen=1233
18:03:54.586 [main] WARN ru.aianalyzer.service.GigaChatAnalyzer -- GigaChat output contradicts sandbox: passed=0/1 quality=50 → clamp 40
18:03:54.590 [main] INFO ru.aianalyzer.client.GigaChatClient -- GigaChat chat URI=https://gigachat.devices.sberbank.ru/api/v1/chat/completions bodySize=4044 tokenLen=1233
18:03:56.030 [main] WARN ru.aianalyzer.service.GigaChatAnalyzer -- GigaChat output contradicts sandbox: passed=0/1 quality=60 → clamp 40
18:03:56.033 [main] INFO ru.aianalyzer.client.GigaChatClient -- GigaChat chat URI=https://gigachat.devices.sberbank.ru/api/v1/chat/completions bodySize=3939 tokenLen=1233
18:03:57.714 [main] WARN ru.aianalyzer.service.GigaChatAnalyzer -- GigaChat output contradicts sandbox: passed=0/1 quality=50 → clamp 40
18:03:57.730 [main] INFO ru.aianalyzer.client.GigaChatClient -- GigaChat chat URI=https://gigachat.devices.sberbank.ru/api/v1/chat/completions bodySize=3966 tokenLen=1233
18:03:58.897 [main] INFO ru.aianalyzer.client.GigaChatClient -- GigaChat chat URI=https://gigachat.devices.sberbank.ru/api/v1/chat/completions bodySize=4011 tokenLen=1233
18:04:00.438 [main] INFO ru.aianalyzer.client.GigaChatClient -- GigaChat chat URI=https://gigachat.devices.sberbank.ru/api/v1/chat/completions bodySize=4110 tokenLen=1233
18:04:01.531 [main] WARN ru.aianalyzer.service.GigaChatAnalyzer -- GigaChat output contradicts sandbox: passed=0/1 quality=65 → clamp 40
18:04:01.534 [main] INFO ru.aianalyzer.client.GigaChatClient -- GigaChat chat URI=https://gigachat.devices.sberbank.ru/api/v1/chat/completions bodySize=3924 tokenLen=1233
18:04:02.836 [main] WARN ru.aianalyzer.service.GigaChatAnalyzer -- GigaChat output contradicts sandbox: passed=0/1 quality=50 → clamp 40
18:04:02.839 [main] INFO ru.aianalyzer.client.GigaChatClient -- GigaChat chat URI=https://gigachat.devices.sberbank.ru/api/v1/chat/completions bodySize=4025 tokenLen=1233
18:04:04.281 [main] WARN ru.aianalyzer.service.GigaChatAnalyzer -- GigaChat output contradicts sandbox: passed=0/1 quality=50 → clamp 40
18:04:04.284 [main] INFO ru.aianalyzer.client.GigaChatClient -- GigaChat chat URI=https://gigachat.devices.sberbank.ru/api/v1/chat/completions bodySize=3926 tokenLen=1233
18:04:05.650 [main] INFO ru.aianalyzer.client.GigaChatClient -- GigaChat chat URI=https://gigachat.devices.sberbank.ru/api/v1/chat/completions bodySize=3919 tokenLen=1233
18:04:07.226 [main] INFO ru.aianalyzer.client.GigaChatClient -- GigaChat chat URI=https://gigachat.devices.sberbank.ru/api/v1/chat/completions bodySize=4149 tokenLen=1233
18:04:08.947 [main] INFO ru.aianalyzer.client.GigaChatClient -- GigaChat chat URI=https://gigachat.devices.sberbank.ru/api/v1/chat/completions bodySize=4062 tokenLen=1233
18:04:10.517 [main] WARN ru.aianalyzer.service.GigaChatAnalyzer -- GigaChat output contradicts sandbox: passed=0/1 quality=75 → clamp 40
18:04:10.529 [main] INFO ru.aianalyzer.client.GigaChatClient -- GigaChat chat URI=https://gigachat.devices.sberbank.ru/api/v1/chat/completions bodySize=4045 tokenLen=1233
18:04:11.791 [main] WARN ru.aianalyzer.service.GigaChatAnalyzer -- GigaChat output contradicts sandbox: passed=0/1 quality=50 → clamp 40
18:04:11.795 [main] INFO ru.aianalyzer.client.GigaChatClient -- GigaChat chat URI=https://gigachat.devices.sberbank.ru/api/v1/chat/completions bodySize=4186 tokenLen=1233
18:04:13.327 [main] WARN ru.aianalyzer.service.GigaChatAnalyzer -- GigaChat output contradicts sandbox: passed=0/1 quality=60 → clamp 40
18:04:13.330 [main] INFO ru.aianalyzer.client.GigaChatClient -- GigaChat chat URI=https://gigachat.devices.sberbank.ru/api/v1/chat/completions bodySize=3937 tokenLen=1233
18:04:14.797 [main] WARN ru.aianalyzer.service.GigaChatAnalyzer -- GigaChat output contradicts sandbox: passed=0/1 quality=50 → clamp 40
18:04:14.802 [main] INFO ru.aianalyzer.client.GigaChatClient -- GigaChat chat URI=https://gigachat.devices.sberbank.ru/api/v1/chat/completions bodySize=3925 tokenLen=1233
18:04:16.245 [main] INFO ru.aianalyzer.client.GigaChatClient -- GigaChat chat URI=https://gigachat.devices.sberbank.ru/api/v1/chat/completions bodySize=4112 tokenLen=1233
18:04:17.733 [main] INFO ru.aianalyzer.client.GigaChatClient -- GigaChat chat URI=https://gigachat.devices.sberbank.ru/api/v1/chat/completions bodySize=3947 tokenLen=1233
18:04:19.471 [main] WARN ru.aianalyzer.service.GigaChatAnalyzer -- GigaChat output contradicts sandbox: passed=0/1 quality=50 → clamp 40
18:04:19.473 [main] INFO ru.aianalyzer.client.GigaChatClient -- GigaChat chat URI=https://gigachat.devices.sberbank.ru/api/v1/chat/completions bodySize=3947 tokenLen=1233
18:04:20.559 [main] WARN ru.aianalyzer.service.GigaChatAnalyzer -- GigaChat output contradicts sandbox: passed=0/1 quality=75 → clamp 40
18:04:20.562 [main] INFO ru.aianalyzer.client.GigaChatClient -- GigaChat chat URI=https://gigachat.devices.sberbank.ru/api/v1/chat/completions bodySize=4198 tokenLen=1233
18:04:25.280 [main] WARN ru.aianalyzer.service.GigaChatAnalyzer -- GigaChat output contradicts sandbox: passed=0/1 quality=60 → clamp 40
18:04:25.286 [main] INFO ru.aianalyzer.client.GigaChatClient -- GigaChat chat URI=https://gigachat.devices.sberbank.ru/api/v1/chat/completions bodySize=3893 tokenLen=1233
18:04:26.354 [main] WARN ru.aianalyzer.service.GigaChatAnalyzer -- GigaChat output contradicts sandbox: passed=0/1 quality=50 → clamp 40
18:04:26.358 [main] INFO ru.aianalyzer.client.GigaChatClient -- GigaChat chat URI=https://gigachat.devices.sberbank.ru/api/v1/chat/completions bodySize=3933 tokenLen=1233
18:04:27.761 [main] INFO ru.aianalyzer.client.GigaChatClient -- GigaChat chat URI=https://gigachat.devices.sberbank.ru/api/v1/chat/completions bodySize=3941 tokenLen=1233
18:04:29.909 [main] INFO ru.aianalyzer.client.GigaChatClient -- GigaChat chat URI=https://gigachat.devices.sberbank.ru/api/v1/chat/completions bodySize=3949 tokenLen=1233
18:04:31.325 [main] INFO ru.aianalyzer.client.GigaChatClient -- GigaChat chat URI=https://gigachat.devices.sberbank.ru/api/v1/chat/completions bodySize=3994 tokenLen=1233
18:04:32.482 [main] WARN ru.aianalyzer.service.GigaChatAnalyzer -- GigaChat output contradicts sandbox: passed=0/1 quality=50 → clamp 40
18:04:32.484 [main] INFO ru.aianalyzer.client.GigaChatClient -- GigaChat chat URI=https://gigachat.devices.sberbank.ru/api/v1/chat/completions bodySize=3931 tokenLen=1233
18:04:33.998 [main] INFO ru.aianalyzer.client.GigaChatClient -- GigaChat chat URI=https://gigachat.devices.sberbank.ru/api/v1/chat/completions bodySize=3923 tokenLen=1233
18:04:35.095 [main] INFO ru.aianalyzer.client.GigaChatClient -- GigaChat chat URI=https://gigachat.devices.sberbank.ru/api/v1/chat/completions bodySize=4071 tokenLen=1233
18:04:36.432 [main] WARN ru.aianalyzer.service.GigaChatAnalyzer -- GigaChat output contradicts sandbox: passed=0/1 quality=50 → clamp 40
18:04:36.438 [main] INFO ru.aianalyzer.client.GigaChatClient -- GigaChat chat URI=https://gigachat.devices.sberbank.ru/api/v1/chat/completions bodySize=3989 tokenLen=1233
18:04:38.080 [main] WARN ru.aianalyzer.service.GigaChatAnalyzer -- GigaChat output contradicts sandbox: passed=0/1 quality=50 → clamp 40
18:04:38.096 [main] INFO ru.aianalyzer.client.GigaChatClient -- GigaChat chat URI=https://gigachat.devices.sberbank.ru/api/v1/chat/completions bodySize=3956 tokenLen=1233
18:04:39.659 [main] INFO ru.aianalyzer.client.GigaChatClient -- GigaChat chat URI=https://gigachat.devices.sberbank.ru/api/v1/chat/completions bodySize=3981 tokenLen=1233
18:04:41.128 [main] WARN ru.aianalyzer.service.GigaChatAnalyzer -- GigaChat output contradicts sandbox: passed=0/1 quality=60 → clamp 40
18:04:41.136 [main] INFO ru.aianalyzer.client.GigaChatClient -- GigaChat chat URI=https://gigachat.devices.sberbank.ru/api/v1/chat/completions bodySize=3996 tokenLen=1233
18:04:42.605 [main] WARN ru.aianalyzer.service.GigaChatAnalyzer -- GigaChat output contradicts sandbox: passed=0/1 quality=50 → clamp 40
18:04:42.612 [main] INFO ru.aianalyzer.client.GigaChatClient -- GigaChat chat URI=https://gigachat.devices.sberbank.ru/api/v1/chat/completions bodySize=4055 tokenLen=1233
18:04:44.128 [main] WARN ru.aianalyzer.service.GigaChatAnalyzer -- GigaChat output contradicts sandbox: passed=0/1 quality=75 → clamp 40
18:04:44.132 [main] INFO ru.aianalyzer.client.GigaChatClient -- GigaChat chat URI=https://gigachat.devices.sberbank.ru/api/v1/chat/completions bodySize=4070 tokenLen=1233
18:04:45.697 [main] WARN ru.aianalyzer.service.GigaChatAnalyzer -- GigaChat output contradicts sandbox: passed=0/1 quality=50 → clamp 40
18:04:45.699 [main] INFO ru.aianalyzer.client.GigaChatClient -- GigaChat chat URI=https://gigachat.devices.sberbank.ru/api/v1/chat/completions bodySize=8878 tokenLen=1233
18:04:47.196 [main] WARN ru.aianalyzer.service.GigaChatAnalyzer -- GigaChat output contradicts sandbox: passed=0/1 quality=50 → clamp 40
18:04:47.199 [main] INFO ru.aianalyzer.client.GigaChatClient -- GigaChat chat URI=https://gigachat.devices.sberbank.ru/api/v1/chat/completions bodySize=4036 tokenLen=1233
18:04:49.061 [main] WARN ru.aianalyzer.service.GigaChatAnalyzer -- GigaChat output contradicts sandbox: passed=0/1 quality=50 → clamp 40
18:04:49.062 [main] INFO ru.aianalyzer.client.GigaChatClient -- GigaChat chat URI=https://gigachat.devices.sberbank.ru/api/v1/chat/completions bodySize=3973 tokenLen=1233
18:04:50.581 [main] WARN ru.aianalyzer.service.GigaChatAnalyzer -- GigaChat output contradicts sandbox: passed=0/1 quality=50 → clamp 40
18:04:50.586 [main] INFO ru.aianalyzer.client.GigaChatClient -- GigaChat chat URI=https://gigachat.devices.sberbank.ru/api/v1/chat/completions bodySize=4018 tokenLen=1233
18:04:52.449 [main] WARN ru.aianalyzer.service.GigaChatAnalyzer -- GigaChat output contradicts sandbox: passed=0/1 quality=50 → clamp 40
18:04:52.453 [main] INFO ru.aianalyzer.client.GigaChatClient -- GigaChat chat URI=https://gigachat.devices.sberbank.ru/api/v1/chat/completions bodySize=4052 tokenLen=1233
18:04:54.009 [main] WARN ru.aianalyzer.service.GigaChatAnalyzer -- GigaChat output contradicts sandbox: passed=0/1 quality=50 → clamp 40
18:04:54.016 [main] INFO ru.aianalyzer.client.GigaChatClient -- GigaChat chat URI=https://gigachat.devices.sberbank.ru/api/v1/chat/completions bodySize=3975 tokenLen=1233
18:04:55.394 [main] WARN ru.aianalyzer.service.GigaChatAnalyzer -- GigaChat output contradicts sandbox: passed=0/1 quality=60 → clamp 40
18:04:55.399 [main] INFO ru.aianalyzer.client.GigaChatClient -- GigaChat chat URI=https://gigachat.devices.sberbank.ru/api/v1/chat/completions bodySize=4022 tokenLen=1233
18:04:57.017 [main] WARN ru.aianalyzer.service.GigaChatAnalyzer -- GigaChat output contradicts sandbox: passed=0/1 quality=60 → clamp 40
18:04:57.020 [main] INFO ru.aianalyzer.client.GigaChatClient -- GigaChat chat URI=https://gigachat.devices.sberbank.ru/api/v1/chat/completions bodySize=4016 tokenLen=1233
18:04:58.653 [main] WARN ru.aianalyzer.service.GigaChatAnalyzer -- GigaChat output contradicts sandbox: passed=0/1 quality=50 → clamp 40
18:04:58.657 [main] INFO ru.aianalyzer.client.GigaChatClient -- GigaChat chat URI=https://gigachat.devices.sberbank.ru/api/v1/chat/completions bodySize=3994 tokenLen=1233
18:04:59.854 [main] WARN ru.aianalyzer.service.GigaChatAnalyzer -- GigaChat output contradicts sandbox: passed=0/1 quality=50 → clamp 40
18:04:59.856 [main] INFO ru.aianalyzer.client.GigaChatClient -- GigaChat chat URI=https://gigachat.devices.sberbank.ru/api/v1/chat/completions bodySize=3966 tokenLen=1233
18:05:01.046 [main] WARN ru.aianalyzer.service.GigaChatAnalyzer -- GigaChat output contradicts sandbox: passed=0/1 quality=50 → clamp 40
18:05:01.057 [main] INFO ru.aianalyzer.client.GigaChatClient -- GigaChat chat URI=https://gigachat.devices.sberbank.ru/api/v1/chat/completions bodySize=4038 tokenLen=1233
18:05:03.333 [main] WARN ru.aianalyzer.service.GigaChatAnalyzer -- GigaChat output contradicts sandbox: passed=0/1 quality=50 → clamp 40
18:05:03.343 [main] INFO ru.aianalyzer.client.GigaChatClient -- GigaChat chat URI=https://gigachat.devices.sberbank.ru/api/v1/chat/completions bodySize=4017 tokenLen=1233
18:05:05.192 [main] WARN ru.aianalyzer.service.GigaChatAnalyzer -- GigaChat output contradicts sandbox: passed=0/1 quality=50 → clamp 40
18:05:05.197 [main] INFO ru.aianalyzer.client.GigaChatClient -- GigaChat chat URI=https://gigachat.devices.sberbank.ru/api/v1/chat/completions bodySize=4048 tokenLen=1233
18:05:07.280 [main] WARN ru.aianalyzer.service.GigaChatAnalyzer -- GigaChat output contradicts sandbox: passed=0/1 quality=50 → clamp 40
18:05:07.328 [main] INFO ru.aianalyzer.client.GigaChatClient -- Requesting new GigaChat OAuth token, rqUID=4161463b-b197-420d-9133-7206c2fb8d7d scope=GIGACHAT_API_PERS
18:05:08.393 [main] INFO ru.aianalyzer.client.GigaChatClient -- GigaChat chat URI=https://gigachat.devices.sberbank.ru/api/v1/chat/completions bodySize=8030 tokenLen=1233
18:05:11.431 [main] WARN ru.aianalyzer.service.GigaChatAnalyzer -- GigaChat output contradicts sandbox: passed=0/1 quality=60 → clamp 40
18:05:11.453 [main] INFO ru.aianalyzer.client.GigaChatClient -- GigaChat chat URI=https://gigachat.devices.sberbank.ru/api/v1/chat/completions bodySize=8020 tokenLen=1233
18:05:13.341 [main] WARN ru.aianalyzer.service.GigaChatAnalyzer -- GigaChat output contradicts sandbox: passed=0/1 quality=60 → clamp 40
18:05:13.352 [main] INFO ru.aianalyzer.client.GigaChatClient -- GigaChat chat URI=https://gigachat.devices.sberbank.ru/api/v1/chat/completions bodySize=8282 tokenLen=1233
18:05:15.400 [main] WARN ru.aianalyzer.service.GigaChatAnalyzer -- GigaChat output contradicts sandbox: passed=0/1 quality=60 → clamp 40
18:05:15.412 [main] INFO ru.aianalyzer.client.GigaChatClient -- GigaChat chat URI=https://gigachat.devices.sberbank.ru/api/v1/chat/completions bodySize=7920 tokenLen=1233
18:05:16.856 [main] INFO ru.aianalyzer.client.GigaChatClient -- GigaChat chat URI=https://gigachat.devices.sberbank.ru/api/v1/chat/completions bodySize=8065 tokenLen=1233
18:05:18.079 [main] INFO ru.aianalyzer.client.GigaChatClient -- GigaChat chat URI=https://gigachat.devices.sberbank.ru/api/v1/chat/completions bodySize=8013 tokenLen=1233
18:05:19.266 [main] INFO ru.aianalyzer.client.GigaChatClient -- GigaChat chat URI=https://gigachat.devices.sberbank.ru/api/v1/chat/completions bodySize=7922 tokenLen=1233
18:05:20.830 [main] INFO ru.aianalyzer.client.GigaChatClient -- GigaChat chat URI=https://gigachat.devices.sberbank.ru/api/v1/chat/completions bodySize=7927 tokenLen=1233
18:05:22.001 [main] WARN ru.aianalyzer.service.GigaChatAnalyzer -- GigaChat output contradicts sandbox: passed=0/1 quality=50 → clamp 40
18:05:22.007 [main] INFO ru.aianalyzer.client.GigaChatClient -- GigaChat chat URI=https://gigachat.devices.sberbank.ru/api/v1/chat/completions bodySize=8025 tokenLen=1233
18:05:24.143 [main] WARN ru.aianalyzer.service.GigaChatAnalyzer -- GigaChat output contradicts sandbox: passed=0/1 quality=60 → clamp 40
18:05:24.149 [main] INFO ru.aianalyzer.client.GigaChatClient -- GigaChat chat URI=https://gigachat.devices.sberbank.ru/api/v1/chat/completions bodySize=7873 tokenLen=1233
18:05:25.867 [main] INFO ru.aianalyzer.client.GigaChatClient -- GigaChat chat URI=https://gigachat.devices.sberbank.ru/api/v1/chat/completions bodySize=7900 tokenLen=1233
18:05:27.219 [main] INFO ru.aianalyzer.client.GigaChatClient -- GigaChat chat URI=https://gigachat.devices.sberbank.ru/api/v1/chat/completions bodySize=7910 tokenLen=1233
18:05:28.837 [main] INFO ru.aianalyzer.client.GigaChatClient -- GigaChat chat URI=https://gigachat.devices.sberbank.ru/api/v1/chat/completions bodySize=8195 tokenLen=1233
18:05:30.690 [main] WARN ru.aianalyzer.service.GigaChatAnalyzer -- GigaChat output contradicts sandbox: passed=0/1 quality=60 → clamp 40
18:05:30.691 [main] INFO ru.aianalyzer.client.GigaChatClient -- GigaChat chat URI=https://gigachat.devices.sberbank.ru/api/v1/chat/completions bodySize=8069 tokenLen=1233
18:05:32.608 [main] WARN ru.aianalyzer.service.GigaChatAnalyzer -- GigaChat output contradicts sandbox: passed=0/1 quality=50 → clamp 40
18:05:32.611 [main] INFO ru.aianalyzer.client.GigaChatClient -- GigaChat chat URI=https://gigachat.devices.sberbank.ru/api/v1/chat/completions bodySize=8019 tokenLen=1233
18:05:34.403 [main] WARN ru.aianalyzer.service.GigaChatAnalyzer -- GigaChat output contradicts sandbox: passed=0/1 quality=60 → clamp 40
18:05:34.407 [main] INFO ru.aianalyzer.client.GigaChatClient -- GigaChat chat URI=https://gigachat.devices.sberbank.ru/api/v1/chat/completions bodySize=7914 tokenLen=1233
18:05:35.777 [main] INFO ru.aianalyzer.client.GigaChatClient -- GigaChat chat URI=https://gigachat.devices.sberbank.ru/api/v1/chat/completions bodySize=7941 tokenLen=1233
18:05:36.743 [main] INFO ru.aianalyzer.client.GigaChatClient -- GigaChat chat URI=https://gigachat.devices.sberbank.ru/api/v1/chat/completions bodySize=7986 tokenLen=1233
18:05:38.025 [main] INFO ru.aianalyzer.client.GigaChatClient -- GigaChat chat URI=https://gigachat.devices.sberbank.ru/api/v1/chat/completions bodySize=8085 tokenLen=1233
18:05:39.499 [main] WARN ru.aianalyzer.service.GigaChatAnalyzer -- GigaChat output contradicts sandbox: passed=0/1 quality=60 → clamp 40
18:05:39.502 [main] INFO ru.aianalyzer.client.GigaChatClient -- GigaChat chat URI=https://gigachat.devices.sberbank.ru/api/v1/chat/completions bodySize=7899 tokenLen=1233
18:05:40.974 [main] INFO ru.aianalyzer.client.GigaChatClient -- GigaChat chat URI=https://gigachat.devices.sberbank.ru/api/v1/chat/completions bodySize=8000 tokenLen=1233
18:05:42.535 [main] WARN ru.aianalyzer.service.GigaChatAnalyzer -- GigaChat output contradicts sandbox: passed=0/1 quality=50 → clamp 40
18:05:42.539 [main] INFO ru.aianalyzer.client.GigaChatClient -- GigaChat chat URI=https://gigachat.devices.sberbank.ru/api/v1/chat/completions bodySize=7901 tokenLen=1233
18:05:44.011 [main] INFO ru.aianalyzer.client.GigaChatClient -- GigaChat chat URI=https://gigachat.devices.sberbank.ru/api/v1/chat/completions bodySize=7894 tokenLen=1233
18:05:45.431 [main] INFO ru.aianalyzer.client.GigaChatClient -- GigaChat chat URI=https://gigachat.devices.sberbank.ru/api/v1/chat/completions bodySize=8124 tokenLen=1233
18:05:47.209 [main] INFO ru.aianalyzer.client.GigaChatClient -- GigaChat chat URI=https://gigachat.devices.sberbank.ru/api/v1/chat/completions bodySize=8037 tokenLen=1233
18:05:48.632 [main] WARN ru.aianalyzer.service.GigaChatAnalyzer -- GigaChat output contradicts sandbox: passed=0/1 quality=60 → clamp 40
18:05:48.634 [main] INFO ru.aianalyzer.client.GigaChatClient -- GigaChat chat URI=https://gigachat.devices.sberbank.ru/api/v1/chat/completions bodySize=8020 tokenLen=1233
18:05:50.196 [main] WARN ru.aianalyzer.service.GigaChatAnalyzer -- GigaChat output contradicts sandbox: passed=0/1 quality=50 → clamp 40
18:05:50.200 [main] INFO ru.aianalyzer.client.GigaChatClient -- GigaChat chat URI=https://gigachat.devices.sberbank.ru/api/v1/chat/completions bodySize=8161 tokenLen=1233
18:05:51.692 [main] WARN ru.aianalyzer.service.GigaChatAnalyzer -- GigaChat output contradicts sandbox: passed=0/1 quality=60 → clamp 40
18:05:51.694 [main] INFO ru.aianalyzer.client.GigaChatClient -- GigaChat chat URI=https://gigachat.devices.sberbank.ru/api/v1/chat/completions bodySize=7912 tokenLen=1233
18:05:53.505 [main] INFO ru.aianalyzer.client.GigaChatClient -- GigaChat chat URI=https://gigachat.devices.sberbank.ru/api/v1/chat/completions bodySize=7900 tokenLen=1233
18:05:54.831 [main] INFO ru.aianalyzer.client.GigaChatClient -- GigaChat chat URI=https://gigachat.devices.sberbank.ru/api/v1/chat/completions bodySize=8087 tokenLen=1233
18:05:56.154 [main] INFO ru.aianalyzer.client.GigaChatClient -- GigaChat chat URI=https://gigachat.devices.sberbank.ru/api/v1/chat/completions bodySize=7922 tokenLen=1233
18:05:57.648 [main] WARN ru.aianalyzer.service.GigaChatAnalyzer -- GigaChat output contradicts sandbox: passed=0/1 quality=50 → clamp 40
18:05:57.653 [main] INFO ru.aianalyzer.client.GigaChatClient -- GigaChat chat URI=https://gigachat.devices.sberbank.ru/api/v1/chat/completions bodySize=7922 tokenLen=1233
18:05:58.861 [main] WARN ru.aianalyzer.service.GigaChatAnalyzer -- GigaChat output contradicts sandbox: passed=0/1 quality=60 → clamp 40
18:05:58.870 [main] INFO ru.aianalyzer.client.GigaChatClient -- GigaChat chat URI=https://gigachat.devices.sberbank.ru/api/v1/chat/completions bodySize=8173 tokenLen=1233
18:06:00.955 [main] INFO ru.aianalyzer.client.GigaChatClient -- GigaChat chat URI=https://gigachat.devices.sberbank.ru/api/v1/chat/completions bodySize=7868 tokenLen=1233
18:06:02.249 [main] INFO ru.aianalyzer.client.GigaChatClient -- GigaChat chat URI=https://gigachat.devices.sberbank.ru/api/v1/chat/completions bodySize=7908 tokenLen=1233
18:06:03.482 [main] INFO ru.aianalyzer.client.GigaChatClient -- GigaChat chat URI=https://gigachat.devices.sberbank.ru/api/v1/chat/completions bodySize=7916 tokenLen=1233
18:06:05.103 [main] INFO ru.aianalyzer.client.GigaChatClient -- GigaChat chat URI=https://gigachat.devices.sberbank.ru/api/v1/chat/completions bodySize=7924 tokenLen=1233
18:06:06.809 [main] INFO ru.aianalyzer.client.GigaChatClient -- GigaChat chat URI=https://gigachat.devices.sberbank.ru/api/v1/chat/completions bodySize=7969 tokenLen=1233
18:06:08.434 [main] WARN ru.aianalyzer.service.GigaChatAnalyzer -- GigaChat output contradicts sandbox: passed=0/1 quality=50 → clamp 40
18:06:08.451 [main] INFO ru.aianalyzer.client.GigaChatClient -- GigaChat chat URI=https://gigachat.devices.sberbank.ru/api/v1/chat/completions bodySize=7906 tokenLen=1233
18:06:09.948 [main] INFO ru.aianalyzer.client.GigaChatClient -- GigaChat chat URI=https://gigachat.devices.sberbank.ru/api/v1/chat/completions bodySize=7898 tokenLen=1233
18:06:11.090 [main] INFO ru.aianalyzer.client.GigaChatClient -- GigaChat chat URI=https://gigachat.devices.sberbank.ru/api/v1/chat/completions bodySize=8046 tokenLen=1233
18:06:11.800 [main] WARN ru.aianalyzer.service.GigaChatAnalyzer -- GigaChat output contradicts sandbox: passed=0/1 quality=100 → clamp 40
18:06:11.820 [main] INFO ru.aianalyzer.client.GigaChatClient -- GigaChat chat URI=https://gigachat.devices.sberbank.ru/api/v1/chat/completions bodySize=7964 tokenLen=1233
18:06:13.217 [main] WARN ru.aianalyzer.service.GigaChatAnalyzer -- GigaChat output contradicts sandbox: passed=0/1 quality=50 → clamp 40
18:06:13.232 [main] INFO ru.aianalyzer.client.GigaChatClient -- GigaChat chat URI=https://gigachat.devices.sberbank.ru/api/v1/chat/completions bodySize=7931 tokenLen=1233
18:06:14.331 [main] INFO ru.aianalyzer.client.GigaChatClient -- GigaChat chat URI=https://gigachat.devices.sberbank.ru/api/v1/chat/completions bodySize=7956 tokenLen=1233
18:06:15.902 [main] WARN ru.aianalyzer.service.GigaChatAnalyzer -- GigaChat output contradicts sandbox: passed=0/1 quality=60 → clamp 40
18:06:15.905 [main] INFO ru.aianalyzer.client.GigaChatClient -- GigaChat chat URI=https://gigachat.devices.sberbank.ru/api/v1/chat/completions bodySize=7971 tokenLen=1233
18:06:17.285 [main] WARN ru.aianalyzer.service.GigaChatAnalyzer -- GigaChat output contradicts sandbox: passed=0/1 quality=50 → clamp 40
18:06:17.303 [main] INFO ru.aianalyzer.client.GigaChatClient -- GigaChat chat URI=https://gigachat.devices.sberbank.ru/api/v1/chat/completions bodySize=8030 tokenLen=1233
18:06:18.561 [main] WARN ru.aianalyzer.service.GigaChatAnalyzer -- GigaChat output contradicts sandbox: passed=0/1 quality=50 → clamp 40
18:06:18.562 [main] INFO ru.aianalyzer.client.GigaChatClient -- GigaChat chat URI=https://gigachat.devices.sberbank.ru/api/v1/chat/completions bodySize=8045 tokenLen=1233
18:06:20.017 [main] WARN ru.aianalyzer.service.GigaChatAnalyzer -- GigaChat output contradicts sandbox: passed=0/1 quality=50 → clamp 40
18:06:20.022 [main] INFO ru.aianalyzer.client.GigaChatClient -- GigaChat chat URI=https://gigachat.devices.sberbank.ru/api/v1/chat/completions bodySize=12853 tokenLen=1233
18:06:21.382 [main] INFO ru.aianalyzer.client.GigaChatClient -- GigaChat chat URI=https://gigachat.devices.sberbank.ru/api/v1/chat/completions bodySize=8011 tokenLen=1233
18:06:23.166 [main] WARN ru.aianalyzer.service.GigaChatAnalyzer -- GigaChat output contradicts sandbox: passed=0/1 quality=50 → clamp 40
18:06:23.170 [main] INFO ru.aianalyzer.client.GigaChatClient -- GigaChat chat URI=https://gigachat.devices.sberbank.ru/api/v1/chat/completions bodySize=7948 tokenLen=1233
18:06:24.434 [main] WARN ru.aianalyzer.service.GigaChatAnalyzer -- GigaChat output contradicts sandbox: passed=0/1 quality=50 → clamp 40
18:06:24.436 [main] INFO ru.aianalyzer.client.GigaChatClient -- GigaChat chat URI=https://gigachat.devices.sberbank.ru/api/v1/chat/completions bodySize=7993 tokenLen=1233
18:06:25.854 [main] INFO ru.aianalyzer.client.GigaChatClient -- GigaChat chat URI=https://gigachat.devices.sberbank.ru/api/v1/chat/completions bodySize=8027 tokenLen=1233
18:06:27.405 [main] WARN ru.aianalyzer.service.GigaChatAnalyzer -- GigaChat output contradicts sandbox: passed=0/1 quality=50 → clamp 40
18:06:27.413 [main] INFO ru.aianalyzer.client.GigaChatClient -- GigaChat chat URI=https://gigachat.devices.sberbank.ru/api/v1/chat/completions bodySize=7950 tokenLen=1233
18:06:28.900 [main] INFO ru.aianalyzer.client.GigaChatClient -- GigaChat chat URI=https://gigachat.devices.sberbank.ru/api/v1/chat/completions bodySize=7997 tokenLen=1233
18:06:30.741 [main] WARN ru.aianalyzer.service.GigaChatAnalyzer -- GigaChat output contradicts sandbox: passed=0/1 quality=50 → clamp 40
18:06:30.746 [main] INFO ru.aianalyzer.client.GigaChatClient -- GigaChat chat URI=https://gigachat.devices.sberbank.ru/api/v1/chat/completions bodySize=7991 tokenLen=1233
18:06:32.172 [main] WARN ru.aianalyzer.service.GigaChatAnalyzer -- GigaChat output contradicts sandbox: passed=0/1 quality=50 → clamp 40
18:06:32.173 [main] INFO ru.aianalyzer.client.GigaChatClient -- GigaChat chat URI=https://gigachat.devices.sberbank.ru/api/v1/chat/completions bodySize=7969 tokenLen=1233
18:06:33.491 [main] WARN ru.aianalyzer.service.GigaChatAnalyzer -- GigaChat output contradicts sandbox: passed=0/1 quality=50 → clamp 40
18:06:33.492 [main] INFO ru.aianalyzer.client.GigaChatClient -- GigaChat chat URI=https://gigachat.devices.sberbank.ru/api/v1/chat/completions bodySize=7941 tokenLen=1233
18:06:35.474 [main] INFO ru.aianalyzer.client.GigaChatClient -- GigaChat chat URI=https://gigachat.devices.sberbank.ru/api/v1/chat/completions bodySize=8013 tokenLen=1233
18:06:37.173 [main] WARN ru.aianalyzer.service.GigaChatAnalyzer -- GigaChat output contradicts sandbox: passed=0/1 quality=50 → clamp 40
18:06:37.183 [main] INFO ru.aianalyzer.client.GigaChatClient -- GigaChat chat URI=https://gigachat.devices.sberbank.ru/api/v1/chat/completions bodySize=7992 tokenLen=1233
18:06:38.641 [main] INFO ru.aianalyzer.client.GigaChatClient -- GigaChat chat URI=https://gigachat.devices.sberbank.ru/api/v1/chat/completions bodySize=8023 tokenLen=1233
18:06:40.873 [main] INFO ru.aianalyzer.client.GigaChatClient -- Requesting new GigaChat OAuth token, rqUID=496609a0-aa2d-4da2-a08f-f801e932ec9b scope=GIGACHAT_API_PERS
18:06:41.569 [main] INFO ru.aianalyzer.client.GigaChatClient -- GigaChat chat URI=https://gigachat.devices.sberbank.ru/api/v1/chat/completions bodySize=4158 tokenLen=1233
18:06:44.623 [main] WARN ru.aianalyzer.service.GigaChatAnalyzer -- GigaChat output contradicts sandbox: passed=0/1 quality=75 → clamp 40
18:06:44.636 [main] INFO ru.aianalyzer.client.GigaChatClient -- GigaChat chat URI=https://gigachat.devices.sberbank.ru/api/v1/chat/completions bodySize=4149 tokenLen=1233
18:06:45.941 [main] WARN ru.aianalyzer.service.GigaChatAnalyzer -- GigaChat output contradicts sandbox: passed=0/1 quality=85 → clamp 40
18:06:45.977 [main] INFO ru.aianalyzer.client.GigaChatClient -- GigaChat chat URI=https://gigachat.devices.sberbank.ru/api/v1/chat/completions bodySize=4403 tokenLen=1233
18:06:47.399 [main] WARN ru.aianalyzer.service.GigaChatAnalyzer -- GigaChat output contradicts sandbox: passed=0/1 quality=75 → clamp 40
18:06:47.407 [main] INFO ru.aianalyzer.client.GigaChatClient -- GigaChat chat URI=https://gigachat.devices.sberbank.ru/api/v1/chat/completions bodySize=4046 tokenLen=1233
18:06:48.873 [main] INFO ru.aianalyzer.client.GigaChatClient -- GigaChat chat URI=https://gigachat.devices.sberbank.ru/api/v1/chat/completions bodySize=4244 tokenLen=1233
18:06:50.189 [main] INFO ru.aianalyzer.client.GigaChatClient -- GigaChat chat URI=https://gigachat.devices.sberbank.ru/api/v1/chat/completions bodySize=4194 tokenLen=1233
18:06:51.607 [main] INFO ru.aianalyzer.client.GigaChatClient -- GigaChat chat URI=https://gigachat.devices.sberbank.ru/api/v1/chat/completions bodySize=4051 tokenLen=1233
18:06:53.054 [main] WARN ru.aianalyzer.service.GigaChatAnalyzer -- GigaChat output contradicts sandbox: passed=0/1 quality=50 → clamp 40
18:06:53.081 [main] INFO ru.aianalyzer.client.GigaChatClient -- GigaChat chat URI=https://gigachat.devices.sberbank.ru/api/v1/chat/completions bodySize=4057 tokenLen=1233
18:06:54.232 [main] WARN ru.aianalyzer.service.GigaChatAnalyzer -- GigaChat output contradicts sandbox: passed=0/1 quality=60 → clamp 40
18:06:54.245 [main] INFO ru.aianalyzer.client.GigaChatClient -- GigaChat chat URI=https://gigachat.devices.sberbank.ru/api/v1/chat/completions bodySize=4148 tokenLen=1233
18:06:55.811 [main] WARN ru.aianalyzer.service.GigaChatAnalyzer -- GigaChat output contradicts sandbox: passed=0/1 quality=70 → clamp 40
18:06:55.817 [main] INFO ru.aianalyzer.client.GigaChatClient -- GigaChat chat URI=https://gigachat.devices.sberbank.ru/api/v1/chat/completions bodySize=4001 tokenLen=1233
18:06:56.999 [main] WARN ru.aianalyzer.service.GigaChatAnalyzer -- GigaChat output contradicts sandbox: passed=0/1 quality=50 → clamp 40
18:06:57.010 [main] INFO ru.aianalyzer.client.GigaChatClient -- GigaChat chat URI=https://gigachat.devices.sberbank.ru/api/v1/chat/completions bodySize=4081 tokenLen=1233
18:06:58.282 [main] INFO ru.aianalyzer.client.GigaChatClient -- GigaChat chat URI=https://gigachat.devices.sberbank.ru/api/v1/chat/completions bodySize=4092 tokenLen=1233
18:06:59.408 [main] INFO ru.aianalyzer.client.GigaChatClient -- GigaChat chat URI=https://gigachat.devices.sberbank.ru/api/v1/chat/completions bodySize=4322 tokenLen=1233
18:07:00.989 [main] WARN ru.aianalyzer.service.GigaChatAnalyzer -- GigaChat output contradicts sandbox: passed=0/1 quality=75 → clamp 40
18:07:01.002 [main] INFO ru.aianalyzer.client.GigaChatClient -- GigaChat chat URI=https://gigachat.devices.sberbank.ru/api/v1/chat/completions bodySize=4196 tokenLen=1233
18:07:02.431 [main] WARN ru.aianalyzer.service.GigaChatAnalyzer -- GigaChat output contradicts sandbox: passed=0/1 quality=60 → clamp 40
18:07:02.444 [main] INFO ru.aianalyzer.client.GigaChatClient -- GigaChat chat URI=https://gigachat.devices.sberbank.ru/api/v1/chat/completions bodySize=4139 tokenLen=1233
18:07:03.601 [main] WARN ru.aianalyzer.service.GigaChatAnalyzer -- GigaChat output contradicts sandbox: passed=0/1 quality=85 → clamp 40
18:07:03.606 [main] INFO ru.aianalyzer.client.GigaChatClient -- GigaChat chat URI=https://gigachat.devices.sberbank.ru/api/v1/chat/completions bodySize=4041 tokenLen=1233
18:07:04.865 [main] WARN ru.aianalyzer.service.GigaChatAnalyzer -- GigaChat output contradicts sandbox: passed=0/1 quality=50 → clamp 40
18:07:04.874 [main] INFO ru.aianalyzer.client.GigaChatClient -- GigaChat chat URI=https://gigachat.devices.sberbank.ru/api/v1/chat/completions bodySize=4120 tokenLen=1233
18:07:06.147 [main] INFO ru.aianalyzer.client.GigaChatClient -- GigaChat chat URI=https://gigachat.devices.sberbank.ru/api/v1/chat/completions bodySize=4167 tokenLen=1233
18:07:07.318 [main] INFO ru.aianalyzer.client.GigaChatClient -- GigaChat chat URI=https://gigachat.devices.sberbank.ru/api/v1/chat/completions bodySize=4211 tokenLen=1233
18:07:08.572 [main] WARN ru.aianalyzer.service.GigaChatAnalyzer -- GigaChat output contradicts sandbox: passed=0/1 quality=75 → clamp 40
18:07:08.583 [main] INFO ru.aianalyzer.client.GigaChatClient -- GigaChat chat URI=https://gigachat.devices.sberbank.ru/api/v1/chat/completions bodySize=4028 tokenLen=1233
18:07:10.161 [main] WARN ru.aianalyzer.service.GigaChatAnalyzer -- GigaChat output contradicts sandbox: passed=0/1 quality=60 → clamp 40
18:07:10.184 [main] INFO ru.aianalyzer.client.GigaChatClient -- GigaChat chat URI=https://gigachat.devices.sberbank.ru/api/v1/chat/completions bodySize=4120 tokenLen=1233
18:07:11.439 [main] WARN ru.aianalyzer.service.GigaChatAnalyzer -- GigaChat output contradicts sandbox: passed=0/1 quality=65 → clamp 40
18:07:11.444 [main] INFO ru.aianalyzer.client.GigaChatClient -- GigaChat chat URI=https://gigachat.devices.sberbank.ru/api/v1/chat/completions bodySize=4027 tokenLen=1233
18:07:12.881 [main] WARN ru.aianalyzer.service.GigaChatAnalyzer -- GigaChat output contradicts sandbox: passed=0/1 quality=50 → clamp 40
18:07:12.884 [main] INFO ru.aianalyzer.client.GigaChatClient -- GigaChat chat URI=https://gigachat.devices.sberbank.ru/api/v1/chat/completions bodySize=4073 tokenLen=1233
18:07:14.504 [main] INFO ru.aianalyzer.client.GigaChatClient -- GigaChat chat URI=https://gigachat.devices.sberbank.ru/api/v1/chat/completions bodySize=4306 tokenLen=1233
18:07:16.528 [main] INFO ru.aianalyzer.client.GigaChatClient -- GigaChat chat URI=https://gigachat.devices.sberbank.ru/api/v1/chat/completions bodySize=4163 tokenLen=1233
18:07:18.029 [main] WARN ru.aianalyzer.service.GigaChatAnalyzer -- GigaChat output contradicts sandbox: passed=0/1 quality=85 → clamp 40
18:07:18.047 [main] INFO ru.aianalyzer.client.GigaChatClient -- GigaChat chat URI=https://gigachat.devices.sberbank.ru/api/v1/chat/completions bodySize=4147 tokenLen=1233
18:07:19.350 [main] WARN ru.aianalyzer.service.GigaChatAnalyzer -- GigaChat output contradicts sandbox: passed=0/1 quality=50 → clamp 40
18:07:19.359 [main] INFO ru.aianalyzer.client.GigaChatClient -- GigaChat chat URI=https://gigachat.devices.sberbank.ru/api/v1/chat/completions bodySize=4282 tokenLen=1233
18:07:21.303 [main] WARN ru.aianalyzer.service.GigaChatAnalyzer -- GigaChat output contradicts sandbox: passed=0/1 quality=80 → clamp 40
18:07:21.314 [main] INFO ru.aianalyzer.client.GigaChatClient -- GigaChat chat URI=https://gigachat.devices.sberbank.ru/api/v1/chat/completions bodySize=4039 tokenLen=1233
18:07:22.646 [main] WARN ru.aianalyzer.service.GigaChatAnalyzer -- GigaChat output contradicts sandbox: passed=0/1 quality=50 → clamp 40
18:07:22.652 [main] INFO ru.aianalyzer.client.GigaChatClient -- GigaChat chat URI=https://gigachat.devices.sberbank.ru/api/v1/chat/completions bodySize=4079 tokenLen=1233
18:07:24.238 [main] INFO ru.aianalyzer.client.GigaChatClient -- GigaChat chat URI=https://gigachat.devices.sberbank.ru/api/v1/chat/completions bodySize=4267 tokenLen=1233
18:07:25.541 [main] INFO ru.aianalyzer.client.GigaChatClient -- GigaChat chat URI=https://gigachat.devices.sberbank.ru/api/v1/chat/completions bodySize=4051 tokenLen=1233
18:07:27.211 [main] WARN ru.aianalyzer.service.GigaChatAnalyzer -- GigaChat output contradicts sandbox: passed=0/1 quality=60 → clamp 40
18:07:27.217 [main] INFO ru.aianalyzer.client.GigaChatClient -- GigaChat chat URI=https://gigachat.devices.sberbank.ru/api/v1/chat/completions bodySize=4053 tokenLen=1233
18:07:28.327 [main] WARN ru.aianalyzer.service.GigaChatAnalyzer -- GigaChat output contradicts sandbox: passed=0/1 quality=85 → clamp 40
18:07:28.330 [main] INFO ru.aianalyzer.client.GigaChatClient -- GigaChat chat URI=https://gigachat.devices.sberbank.ru/api/v1/chat/completions bodySize=4296 tokenLen=1233
18:07:29.734 [main] WARN ru.aianalyzer.service.GigaChatAnalyzer -- GigaChat output contradicts sandbox: passed=0/1 quality=60 → clamp 40
18:07:29.751 [main] INFO ru.aianalyzer.client.GigaChatClient -- GigaChat chat URI=https://gigachat.devices.sberbank.ru/api/v1/chat/completions bodySize=3996 tokenLen=1233
18:07:30.985 [main] WARN ru.aianalyzer.service.GigaChatAnalyzer -- GigaChat output contradicts sandbox: passed=0/1 quality=50 → clamp 40
18:07:30.990 [main] INFO ru.aianalyzer.client.GigaChatClient -- GigaChat chat URI=https://gigachat.devices.sberbank.ru/api/v1/chat/completions bodySize=4090 tokenLen=1233
18:07:32.170 [main] INFO ru.aianalyzer.client.GigaChatClient -- GigaChat chat URI=https://gigachat.devices.sberbank.ru/api/v1/chat/completions bodySize=4099 tokenLen=1233
18:07:33.391 [main] INFO ru.aianalyzer.client.GigaChatClient -- GigaChat chat URI=https://gigachat.devices.sberbank.ru/api/v1/chat/completions bodySize=4052 tokenLen=1233
18:07:34.659 [main] WARN ru.aianalyzer.service.GigaChatAnalyzer -- GigaChat output contradicts sandbox: passed=0/1 quality=50 → clamp 40
18:07:34.663 [main] INFO ru.aianalyzer.client.GigaChatClient -- GigaChat chat URI=https://gigachat.devices.sberbank.ru/api/v1/chat/completions bodySize=4098 tokenLen=1233
18:07:36.087 [main] WARN ru.aianalyzer.service.GigaChatAnalyzer -- GigaChat output contradicts sandbox: passed=0/1 quality=50 → clamp 40
18:07:36.094 [main] INFO ru.aianalyzer.client.GigaChatClient -- GigaChat chat URI=https://gigachat.devices.sberbank.ru/api/v1/chat/completions bodySize=4032 tokenLen=1233
18:07:37.370 [main] WARN ru.aianalyzer.service.GigaChatAnalyzer -- GigaChat output contradicts sandbox: passed=0/1 quality=50 → clamp 40
18:07:37.375 [main] INFO ru.aianalyzer.client.GigaChatClient -- GigaChat chat URI=https://gigachat.devices.sberbank.ru/api/v1/chat/completions bodySize=4078 tokenLen=1233
18:07:38.711 [main] INFO ru.aianalyzer.client.GigaChatClient -- GigaChat chat URI=https://gigachat.devices.sberbank.ru/api/v1/chat/completions bodySize=4175 tokenLen=1233
18:07:40.051 [main] WARN ru.aianalyzer.service.GigaChatAnalyzer -- GigaChat output contradicts sandbox: passed=0/1 quality=70 → clamp 40
18:07:40.053 [main] INFO ru.aianalyzer.client.GigaChatClient -- GigaChat chat URI=https://gigachat.devices.sberbank.ru/api/v1/chat/completions bodySize=4092 tokenLen=1233
18:07:41.340 [main] WARN ru.aianalyzer.service.GigaChatAnalyzer -- GigaChat output contradicts sandbox: passed=0/1 quality=75 → clamp 40
18:07:41.348 [main] INFO ru.aianalyzer.client.GigaChatClient -- GigaChat chat URI=https://gigachat.devices.sberbank.ru/api/v1/chat/completions bodySize=4059 tokenLen=1233
18:07:43.444 [main] INFO ru.aianalyzer.client.GigaChatClient -- GigaChat chat URI=https://gigachat.devices.sberbank.ru/api/v1/chat/completions bodySize=4087 tokenLen=1233
18:07:45.252 [main] WARN ru.aianalyzer.service.GigaChatAnalyzer -- GigaChat output contradicts sandbox: passed=0/1 quality=75 → clamp 40
18:07:45.259 [main] INFO ru.aianalyzer.client.GigaChatClient -- GigaChat chat URI=https://gigachat.devices.sberbank.ru/api/v1/chat/completions bodySize=4102 tokenLen=1233
18:07:46.362 [main] WARN ru.aianalyzer.service.GigaChatAnalyzer -- GigaChat output contradicts sandbox: passed=0/1 quality=60 → clamp 40
18:07:46.366 [main] INFO ru.aianalyzer.client.GigaChatClient -- GigaChat chat URI=https://gigachat.devices.sberbank.ru/api/v1/chat/completions bodySize=4158 tokenLen=1233
18:07:47.677 [main] WARN ru.aianalyzer.service.GigaChatAnalyzer -- GigaChat output contradicts sandbox: passed=0/1 quality=95 → clamp 40
18:07:47.681 [main] INFO ru.aianalyzer.client.GigaChatClient -- GigaChat chat URI=https://gigachat.devices.sberbank.ru/api/v1/chat/completions bodySize=4173 tokenLen=1233
18:07:49.155 [main] WARN ru.aianalyzer.service.GigaChatAnalyzer -- GigaChat output contradicts sandbox: passed=0/1 quality=75 → clamp 40
18:07:49.162 [main] INFO ru.aianalyzer.client.GigaChatClient -- GigaChat chat URI=https://gigachat.devices.sberbank.ru/api/v1/chat/completions bodySize=8984 tokenLen=1233
18:07:50.687 [main] WARN ru.aianalyzer.service.GigaChatAnalyzer -- GigaChat output contradicts sandbox: passed=0/1 quality=60 → clamp 40
18:07:50.710 [main] INFO ru.aianalyzer.client.GigaChatClient -- GigaChat chat URI=https://gigachat.devices.sberbank.ru/api/v1/chat/completions bodySize=4140 tokenLen=1233
18:07:52.024 [main] WARN ru.aianalyzer.service.GigaChatAnalyzer -- GigaChat output contradicts sandbox: passed=0/1 quality=75 → clamp 40
18:07:52.025 [main] INFO ru.aianalyzer.client.GigaChatClient -- GigaChat chat URI=https://gigachat.devices.sberbank.ru/api/v1/chat/completions bodySize=4079 tokenLen=1233
18:07:53.463 [main] WARN ru.aianalyzer.service.GigaChatAnalyzer -- GigaChat output contradicts sandbox: passed=0/1 quality=75 → clamp 40
18:07:53.475 [main] INFO ru.aianalyzer.client.GigaChatClient -- GigaChat chat URI=https://gigachat.devices.sberbank.ru/api/v1/chat/completions bodySize=4124 tokenLen=1233
18:07:54.726 [main] WARN ru.aianalyzer.service.GigaChatAnalyzer -- GigaChat output contradicts sandbox: passed=0/1 quality=75 → clamp 40
18:07:54.736 [main] INFO ru.aianalyzer.client.GigaChatClient -- GigaChat chat URI=https://gigachat.devices.sberbank.ru/api/v1/chat/completions bodySize=4155 tokenLen=1233
18:07:56.272 [main] WARN ru.aianalyzer.service.GigaChatAnalyzer -- GigaChat output contradicts sandbox: passed=0/1 quality=75 → clamp 40
18:07:56.293 [main] INFO ru.aianalyzer.client.GigaChatClient -- GigaChat chat URI=https://gigachat.devices.sberbank.ru/api/v1/chat/completions bodySize=4078 tokenLen=1233
18:07:57.506 [main] WARN ru.aianalyzer.service.GigaChatAnalyzer -- GigaChat output contradicts sandbox: passed=0/1 quality=70 → clamp 40
18:07:57.507 [main] INFO ru.aianalyzer.client.GigaChatClient -- GigaChat chat URI=https://gigachat.devices.sberbank.ru/api/v1/chat/completions bodySize=4128 tokenLen=1233
18:07:59.372 [main] WARN ru.aianalyzer.service.GigaChatAnalyzer -- GigaChat output contradicts sandbox: passed=0/1 quality=70 → clamp 40
18:07:59.378 [main] INFO ru.aianalyzer.client.GigaChatClient -- GigaChat chat URI=https://gigachat.devices.sberbank.ru/api/v1/chat/completions bodySize=4122 tokenLen=1233
18:08:00.634 [main] WARN ru.aianalyzer.service.GigaChatAnalyzer -- GigaChat output contradicts sandbox: passed=0/1 quality=90 → clamp 40
18:08:00.638 [main] INFO ru.aianalyzer.client.GigaChatClient -- GigaChat chat URI=https://gigachat.devices.sberbank.ru/api/v1/chat/completions bodySize=4100 tokenLen=1233
18:08:01.990 [main] WARN ru.aianalyzer.service.GigaChatAnalyzer -- GigaChat output contradicts sandbox: passed=0/1 quality=70 → clamp 40
18:08:01.995 [main] INFO ru.aianalyzer.client.GigaChatClient -- GigaChat chat URI=https://gigachat.devices.sberbank.ru/api/v1/chat/completions bodySize=4072 tokenLen=1233
18:08:03.108 [main] WARN ru.aianalyzer.service.GigaChatAnalyzer -- GigaChat output contradicts sandbox: passed=0/1 quality=50 → clamp 40
18:08:03.109 [main] INFO ru.aianalyzer.client.GigaChatClient -- GigaChat chat URI=https://gigachat.devices.sberbank.ru/api/v1/chat/completions bodySize=4144 tokenLen=1233
18:08:04.675 [main] WARN ru.aianalyzer.service.GigaChatAnalyzer -- GigaChat output contradicts sandbox: passed=0/1 quality=70 → clamp 40
18:08:04.682 [main] INFO ru.aianalyzer.client.GigaChatClient -- GigaChat chat URI=https://gigachat.devices.sberbank.ru/api/v1/chat/completions bodySize=4123 tokenLen=1233
18:08:06.182 [main] WARN ru.aianalyzer.service.GigaChatAnalyzer -- GigaChat output contradicts sandbox: passed=0/1 quality=50 → clamp 40
18:08:06.193 [main] INFO ru.aianalyzer.client.GigaChatClient -- GigaChat chat URI=https://gigachat.devices.sberbank.ru/api/v1/chat/completions bodySize=4151 tokenLen=1233
18:08:07.759 [main] WARN ru.aianalyzer.service.GigaChatAnalyzer -- GigaChat output contradicts sandbox: passed=0/1 quality=70 → clamp 40
18:08:07.765 [main] INFO ru.aianalyzer.client.GigaChatClient -- GigaChat chat URI=https://gigachat.devices.sberbank.ru/api/v1/chat/completions bodySize=4055 tokenLen=1233
18:08:09.992 [main] WARN ru.aianalyzer.service.GigaChatAnalyzer -- GigaChat output contradicts sandbox: passed=0/1 quality=60 → clamp 40
18:08:09.994 [main] INFO ru.aianalyzer.client.GigaChatClient -- GigaChat chat URI=https://gigachat.devices.sberbank.ru/api/v1/chat/completions bodySize=4045 tokenLen=1233
18:08:11.467 [main] WARN ru.aianalyzer.service.GigaChatAnalyzer -- GigaChat output contradicts sandbox: passed=0/1 quality=60 → clamp 40
18:08:11.472 [main] INFO ru.aianalyzer.client.GigaChatClient -- GigaChat chat URI=https://gigachat.devices.sberbank.ru/api/v1/chat/completions bodySize=4307 tokenLen=1233
18:08:12.940 [main] WARN ru.aianalyzer.service.GigaChatAnalyzer -- GigaChat output contradicts sandbox: passed=0/1 quality=65 → clamp 40
18:08:12.951 [main] INFO ru.aianalyzer.client.GigaChatClient -- GigaChat chat URI=https://gigachat.devices.sberbank.ru/api/v1/chat/completions bodySize=3945 tokenLen=1233
18:08:14.207 [main] INFO ru.aianalyzer.client.GigaChatClient -- GigaChat chat URI=https://gigachat.devices.sberbank.ru/api/v1/chat/completions bodySize=4090 tokenLen=1233
18:08:15.439 [main] INFO ru.aianalyzer.client.GigaChatClient -- GigaChat chat URI=https://gigachat.devices.sberbank.ru/api/v1/chat/completions bodySize=4038 tokenLen=1233
18:08:16.731 [main] INFO ru.aianalyzer.client.GigaChatClient -- GigaChat chat URI=https://gigachat.devices.sberbank.ru/api/v1/chat/completions bodySize=3947 tokenLen=1233
18:08:18.146 [main] WARN ru.aianalyzer.service.GigaChatAnalyzer -- GigaChat output contradicts sandbox: passed=0/1 quality=50 → clamp 40
18:08:18.150 [main] INFO ru.aianalyzer.client.GigaChatClient -- GigaChat chat URI=https://gigachat.devices.sberbank.ru/api/v1/chat/completions bodySize=3952 tokenLen=1233
18:08:19.184 [main] WARN ru.aianalyzer.service.GigaChatAnalyzer -- GigaChat output contradicts sandbox: passed=0/1 quality=50 → clamp 40
18:08:19.200 [main] INFO ru.aianalyzer.client.GigaChatClient -- GigaChat chat URI=https://gigachat.devices.sberbank.ru/api/v1/chat/completions bodySize=4050 tokenLen=1233
18:08:20.694 [main] WARN ru.aianalyzer.service.GigaChatAnalyzer -- GigaChat output contradicts sandbox: passed=0/1 quality=60 → clamp 40
18:08:20.699 [main] INFO ru.aianalyzer.client.GigaChatClient -- GigaChat chat URI=https://gigachat.devices.sberbank.ru/api/v1/chat/completions bodySize=3898 tokenLen=1233
18:08:22.162 [main] WARN ru.aianalyzer.service.GigaChatAnalyzer -- GigaChat output contradicts sandbox: passed=0/1 quality=50 → clamp 40
18:08:22.163 [main] INFO ru.aianalyzer.client.GigaChatClient -- GigaChat chat URI=https://gigachat.devices.sberbank.ru/api/v1/chat/completions bodySize=3925 tokenLen=1233
18:08:23.386 [main] INFO ru.aianalyzer.client.GigaChatClient -- GigaChat chat URI=https://gigachat.devices.sberbank.ru/api/v1/chat/completions bodySize=3935 tokenLen=1233
18:08:24.872 [main] INFO ru.aianalyzer.client.GigaChatClient -- GigaChat chat URI=https://gigachat.devices.sberbank.ru/api/v1/chat/completions bodySize=4220 tokenLen=1233
18:08:26.345 [main] WARN ru.aianalyzer.service.GigaChatAnalyzer -- GigaChat output contradicts sandbox: passed=0/1 quality=60 → clamp 40
18:08:26.349 [main] INFO ru.aianalyzer.client.GigaChatClient -- GigaChat chat URI=https://gigachat.devices.sberbank.ru/api/v1/chat/completions bodySize=4094 tokenLen=1233
18:08:27.817 [main] WARN ru.aianalyzer.service.GigaChatAnalyzer -- GigaChat output contradicts sandbox: passed=0/1 quality=50 → clamp 40
18:08:27.820 [main] INFO ru.aianalyzer.client.GigaChatClient -- GigaChat chat URI=https://gigachat.devices.sberbank.ru/api/v1/chat/completions bodySize=4044 tokenLen=1233
18:08:29.125 [main] WARN ru.aianalyzer.service.GigaChatAnalyzer -- GigaChat output contradicts sandbox: passed=0/1 quality=60 → clamp 40
18:08:29.143 [main] INFO ru.aianalyzer.client.GigaChatClient -- GigaChat chat URI=https://gigachat.devices.sberbank.ru/api/v1/chat/completions bodySize=3939 tokenLen=1233
18:08:30.700 [main] INFO ru.aianalyzer.client.GigaChatClient -- GigaChat chat URI=https://gigachat.devices.sberbank.ru/api/v1/chat/completions bodySize=3966 tokenLen=1233
18:08:31.805 [main] INFO ru.aianalyzer.client.GigaChatClient -- GigaChat chat URI=https://gigachat.devices.sberbank.ru/api/v1/chat/completions bodySize=4011 tokenLen=1233
18:08:33.457 [main] INFO ru.aianalyzer.client.GigaChatClient -- GigaChat chat URI=https://gigachat.devices.sberbank.ru/api/v1/chat/completions bodySize=4110 tokenLen=1233
18:08:35.174 [main] WARN ru.aianalyzer.service.GigaChatAnalyzer -- GigaChat output contradicts sandbox: passed=0/1 quality=50 → clamp 40
18:08:35.178 [main] INFO ru.aianalyzer.client.GigaChatClient -- GigaChat chat URI=https://gigachat.devices.sberbank.ru/api/v1/chat/completions bodySize=3924 tokenLen=1233
18:08:36.583 [main] WARN ru.aianalyzer.service.GigaChatAnalyzer -- GigaChat output contradicts sandbox: passed=0/1 quality=50 → clamp 40
18:08:36.595 [main] INFO ru.aianalyzer.client.GigaChatClient -- GigaChat chat URI=https://gigachat.devices.sberbank.ru/api/v1/chat/completions bodySize=4025 tokenLen=1233
18:08:38.227 [main] WARN ru.aianalyzer.service.GigaChatAnalyzer -- GigaChat output contradicts sandbox: passed=0/1 quality=50 → clamp 40
18:08:38.242 [main] INFO ru.aianalyzer.client.GigaChatClient -- GigaChat chat URI=https://gigachat.devices.sberbank.ru/api/v1/chat/completions bodySize=3926 tokenLen=1233
18:08:39.951 [main] INFO ru.aianalyzer.client.GigaChatClient -- GigaChat chat URI=https://gigachat.devices.sberbank.ru/api/v1/chat/completions bodySize=3919 tokenLen=1233
18:08:41.102 [main] INFO ru.aianalyzer.client.GigaChatClient -- GigaChat chat URI=https://gigachat.devices.sberbank.ru/api/v1/chat/completions bodySize=4149 tokenLen=1233
18:08:43.000 [main] INFO ru.aianalyzer.client.GigaChatClient -- GigaChat chat URI=https://gigachat.devices.sberbank.ru/api/v1/chat/completions bodySize=4062 tokenLen=1233
18:08:44.507 [main] WARN ru.aianalyzer.service.GigaChatAnalyzer -- GigaChat output contradicts sandbox: passed=0/1 quality=75 → clamp 40
18:08:44.514 [main] INFO ru.aianalyzer.client.GigaChatClient -- GigaChat chat URI=https://gigachat.devices.sberbank.ru/api/v1/chat/completions bodySize=4045 tokenLen=1233
18:08:46.160 [main] WARN ru.aianalyzer.service.GigaChatAnalyzer -- GigaChat output contradicts sandbox: passed=0/1 quality=50 → clamp 40
18:08:46.168 [main] INFO ru.aianalyzer.client.GigaChatClient -- GigaChat chat URI=https://gigachat.devices.sberbank.ru/api/v1/chat/completions bodySize=4186 tokenLen=1233
18:08:48.385 [main] WARN ru.aianalyzer.service.GigaChatAnalyzer -- GigaChat output contradicts sandbox: passed=0/1 quality=60 → clamp 40
18:08:48.392 [main] INFO ru.aianalyzer.client.GigaChatClient -- GigaChat chat URI=https://gigachat.devices.sberbank.ru/api/v1/chat/completions bodySize=3937 tokenLen=1233
18:08:50.242 [main] WARN ru.aianalyzer.service.GigaChatAnalyzer -- GigaChat output contradicts sandbox: passed=0/1 quality=50 → clamp 40
18:08:50.257 [main] INFO ru.aianalyzer.client.GigaChatClient -- GigaChat chat URI=https://gigachat.devices.sberbank.ru/api/v1/chat/completions bodySize=3925 tokenLen=1233
18:08:51.593 [main] INFO ru.aianalyzer.client.GigaChatClient -- GigaChat chat URI=https://gigachat.devices.sberbank.ru/api/v1/chat/completions bodySize=4112 tokenLen=1233
18:08:52.861 [main] INFO ru.aianalyzer.client.GigaChatClient -- GigaChat chat URI=https://gigachat.devices.sberbank.ru/api/v1/chat/completions bodySize=3947 tokenLen=1233
18:08:54.275 [main] WARN ru.aianalyzer.service.GigaChatAnalyzer -- GigaChat output contradicts sandbox: passed=0/1 quality=50 → clamp 40
18:08:54.278 [main] INFO ru.aianalyzer.client.GigaChatClient -- GigaChat chat URI=https://gigachat.devices.sberbank.ru/api/v1/chat/completions bodySize=3947 tokenLen=1233
18:08:55.675 [main] WARN ru.aianalyzer.service.GigaChatAnalyzer -- GigaChat output contradicts sandbox: passed=0/1 quality=75 → clamp 40
18:08:55.678 [main] INFO ru.aianalyzer.client.GigaChatClient -- GigaChat chat URI=https://gigachat.devices.sberbank.ru/api/v1/chat/completions bodySize=4198 tokenLen=1233
18:08:57.295 [main] WARN ru.aianalyzer.service.GigaChatAnalyzer -- GigaChat output contradicts sandbox: passed=0/1 quality=60 → clamp 40
18:08:57.299 [main] INFO ru.aianalyzer.client.GigaChatClient -- GigaChat chat URI=https://gigachat.devices.sberbank.ru/api/v1/chat/completions bodySize=3893 tokenLen=1233
18:08:59.555 [main] WARN ru.aianalyzer.service.GigaChatAnalyzer -- GigaChat output contradicts sandbox: passed=0/1 quality=50 → clamp 40
18:08:59.562 [main] INFO ru.aianalyzer.client.GigaChatClient -- GigaChat chat URI=https://gigachat.devices.sberbank.ru/api/v1/chat/completions bodySize=3933 tokenLen=1233
18:09:00.806 [main] INFO ru.aianalyzer.client.GigaChatClient -- GigaChat chat URI=https://gigachat.devices.sberbank.ru/api/v1/chat/completions bodySize=3941 tokenLen=1233
18:09:02.442 [main] INFO ru.aianalyzer.client.GigaChatClient -- GigaChat chat URI=https://gigachat.devices.sberbank.ru/api/v1/chat/completions bodySize=3949 tokenLen=1233
18:09:03.910 [main] INFO ru.aianalyzer.client.GigaChatClient -- GigaChat chat URI=https://gigachat.devices.sberbank.ru/api/v1/chat/completions bodySize=3994 tokenLen=1233
18:09:05.265 [main] WARN ru.aianalyzer.service.GigaChatAnalyzer -- GigaChat output contradicts sandbox: passed=0/1 quality=50 → clamp 40
18:09:05.268 [main] INFO ru.aianalyzer.client.GigaChatClient -- GigaChat chat URI=https://gigachat.devices.sberbank.ru/api/v1/chat/completions bodySize=3931 tokenLen=1233
18:09:06.577 [main] INFO ru.aianalyzer.client.GigaChatClient -- GigaChat chat URI=https://gigachat.devices.sberbank.ru/api/v1/chat/completions bodySize=3923 tokenLen=1233
18:09:07.942 [main] INFO ru.aianalyzer.client.GigaChatClient -- GigaChat chat URI=https://gigachat.devices.sberbank.ru/api/v1/chat/completions bodySize=4071 tokenLen=1233
18:09:09.653 [main] WARN ru.aianalyzer.service.GigaChatAnalyzer -- GigaChat output contradicts sandbox: passed=0/1 quality=50 → clamp 40
18:09:09.656 [main] INFO ru.aianalyzer.client.GigaChatClient -- GigaChat chat URI=https://gigachat.devices.sberbank.ru/api/v1/chat/completions bodySize=3989 tokenLen=1233
18:09:11.276 [main] WARN ru.aianalyzer.service.GigaChatAnalyzer -- GigaChat output contradicts sandbox: passed=0/1 quality=60 → clamp 40
18:09:11.283 [main] INFO ru.aianalyzer.client.GigaChatClient -- GigaChat chat URI=https://gigachat.devices.sberbank.ru/api/v1/chat/completions bodySize=3956 tokenLen=1233
18:09:12.698 [main] INFO ru.aianalyzer.client.GigaChatClient -- GigaChat chat URI=https://gigachat.devices.sberbank.ru/api/v1/chat/completions bodySize=3981 tokenLen=1233
18:09:14.530 [main] WARN ru.aianalyzer.service.GigaChatAnalyzer -- GigaChat output contradicts sandbox: passed=0/1 quality=60 → clamp 40
18:09:14.546 [main] INFO ru.aianalyzer.client.GigaChatClient -- GigaChat chat URI=https://gigachat.devices.sberbank.ru/api/v1/chat/completions bodySize=3996 tokenLen=1233
18:09:15.797 [main] WARN ru.aianalyzer.service.GigaChatAnalyzer -- GigaChat output contradicts sandbox: passed=0/1 quality=50 → clamp 40
18:09:15.807 [main] INFO ru.aianalyzer.client.GigaChatClient -- GigaChat chat URI=https://gigachat.devices.sberbank.ru/api/v1/chat/completions bodySize=4055 tokenLen=1233
18:09:17.176 [main] WARN ru.aianalyzer.service.GigaChatAnalyzer -- GigaChat output contradicts sandbox: passed=0/1 quality=50 → clamp 40
18:09:17.180 [main] INFO ru.aianalyzer.client.GigaChatClient -- GigaChat chat URI=https://gigachat.devices.sberbank.ru/api/v1/chat/completions bodySize=4070 tokenLen=1233
18:09:18.866 [main] WARN ru.aianalyzer.service.GigaChatAnalyzer -- GigaChat output contradicts sandbox: passed=0/1 quality=50 → clamp 40
18:09:18.874 [main] INFO ru.aianalyzer.client.GigaChatClient -- GigaChat chat URI=https://gigachat.devices.sberbank.ru/api/v1/chat/completions bodySize=8878 tokenLen=1233
18:09:20.468 [main] WARN ru.aianalyzer.service.GigaChatAnalyzer -- GigaChat output contradicts sandbox: passed=0/1 quality=50 → clamp 40
18:09:20.470 [main] INFO ru.aianalyzer.client.GigaChatClient -- GigaChat chat URI=https://gigachat.devices.sberbank.ru/api/v1/chat/completions bodySize=4036 tokenLen=1233
18:09:22.277 [main] WARN ru.aianalyzer.service.GigaChatAnalyzer -- GigaChat output contradicts sandbox: passed=0/1 quality=60 → clamp 40
18:09:22.280 [main] INFO ru.aianalyzer.client.GigaChatClient -- GigaChat chat URI=https://gigachat.devices.sberbank.ru/api/v1/chat/completions bodySize=3973 tokenLen=1233
18:09:23.858 [main] WARN ru.aianalyzer.service.GigaChatAnalyzer -- GigaChat output contradicts sandbox: passed=0/1 quality=60 → clamp 40
18:09:23.863 [main] INFO ru.aianalyzer.client.GigaChatClient -- GigaChat chat URI=https://gigachat.devices.sberbank.ru/api/v1/chat/completions bodySize=4018 tokenLen=1233
18:09:25.040 [main] WARN ru.aianalyzer.service.GigaChatAnalyzer -- GigaChat output contradicts sandbox: passed=0/1 quality=50 → clamp 40
18:09:25.041 [main] INFO ru.aianalyzer.client.GigaChatClient -- GigaChat chat URI=https://gigachat.devices.sberbank.ru/api/v1/chat/completions bodySize=4052 tokenLen=1233
18:09:26.687 [main] WARN ru.aianalyzer.service.GigaChatAnalyzer -- GigaChat output contradicts sandbox: passed=0/1 quality=60 → clamp 40
18:09:26.692 [main] INFO ru.aianalyzer.client.GigaChatClient -- GigaChat chat URI=https://gigachat.devices.sberbank.ru/api/v1/chat/completions bodySize=3975 tokenLen=1233
18:09:28.259 [main] WARN ru.aianalyzer.service.GigaChatAnalyzer -- GigaChat output contradicts sandbox: passed=0/1 quality=60 → clamp 40
18:09:28.265 [main] INFO ru.aianalyzer.client.GigaChatClient -- GigaChat chat URI=https://gigachat.devices.sberbank.ru/api/v1/chat/completions bodySize=4022 tokenLen=1233
18:09:30.135 [main] WARN ru.aianalyzer.service.GigaChatAnalyzer -- GigaChat output contradicts sandbox: passed=0/1 quality=50 → clamp 40
18:09:30.146 [main] INFO ru.aianalyzer.client.GigaChatClient -- GigaChat chat URI=https://gigachat.devices.sberbank.ru/api/v1/chat/completions bodySize=4016 tokenLen=1233
18:09:31.262 [main] WARN ru.aianalyzer.service.GigaChatAnalyzer -- GigaChat output contradicts sandbox: passed=0/1 quality=50 → clamp 40
18:09:31.278 [main] INFO ru.aianalyzer.client.GigaChatClient -- GigaChat chat URI=https://gigachat.devices.sberbank.ru/api/v1/chat/completions bodySize=3994 tokenLen=1233
18:09:32.959 [main] WARN ru.aianalyzer.service.GigaChatAnalyzer -- GigaChat output contradicts sandbox: passed=0/1 quality=50 → clamp 40
18:09:32.962 [main] INFO ru.aianalyzer.client.GigaChatClient -- GigaChat chat URI=https://gigachat.devices.sberbank.ru/api/v1/chat/completions bodySize=3966 tokenLen=1233
18:09:34.125 [main] INFO ru.aianalyzer.client.GigaChatClient -- GigaChat chat URI=https://gigachat.devices.sberbank.ru/api/v1/chat/completions bodySize=4038 tokenLen=1233
18:09:36.006 [main] WARN ru.aianalyzer.service.GigaChatAnalyzer -- GigaChat output contradicts sandbox: passed=0/1 quality=50 → clamp 40
18:09:36.012 [main] INFO ru.aianalyzer.client.GigaChatClient -- GigaChat chat URI=https://gigachat.devices.sberbank.ru/api/v1/chat/completions bodySize=4017 tokenLen=1233
18:09:37.206 [main] WARN ru.aianalyzer.service.GigaChatAnalyzer -- GigaChat output contradicts sandbox: passed=0/1 quality=50 → clamp 40
18:09:37.209 [main] INFO ru.aianalyzer.client.GigaChatClient -- GigaChat chat URI=https://gigachat.devices.sberbank.ru/api/v1/chat/completions bodySize=4048 tokenLen=1233
18:09:38.715 [main] WARN ru.aianalyzer.service.GigaChatAnalyzer -- GigaChat output contradicts sandbox: passed=0/1 quality=50 → clamp 40
18:09:38.720 [main] INFO ru.aianalyzer.client.GigaChatClient -- GigaChat chat URI=https://gigachat.devices.sberbank.ru/api/v1/chat/completions bodySize=8030 tokenLen=1233
18:09:41.007 [main] WARN ru.aianalyzer.service.GigaChatAnalyzer -- GigaChat output contradicts sandbox: passed=0/1 quality=60 → clamp 40
18:09:41.011 [main] INFO ru.aianalyzer.client.GigaChatClient -- GigaChat chat URI=https://gigachat.devices.sberbank.ru/api/v1/chat/completions bodySize=8020 tokenLen=1233
18:09:43.562 [main] WARN ru.aianalyzer.service.GigaChatAnalyzer -- GigaChat output contradicts sandbox: passed=0/1 quality=60 → clamp 40
18:09:43.585 [main] INFO ru.aianalyzer.client.GigaChatClient -- GigaChat chat URI=https://gigachat.devices.sberbank.ru/api/v1/chat/completions bodySize=8282 tokenLen=1233
18:09:45.506 [main] WARN ru.aianalyzer.service.GigaChatAnalyzer -- GigaChat output contradicts sandbox: passed=0/1 quality=60 → clamp 40
18:09:45.513 [main] INFO ru.aianalyzer.client.GigaChatClient -- GigaChat chat URI=https://gigachat.devices.sberbank.ru/api/v1/chat/completions bodySize=7920 tokenLen=1233
18:09:46.918 [main] INFO ru.aianalyzer.client.GigaChatClient -- GigaChat chat URI=https://gigachat.devices.sberbank.ru/api/v1/chat/completions bodySize=8065 tokenLen=1233
18:09:48.426 [main] INFO ru.aianalyzer.client.GigaChatClient -- GigaChat chat URI=https://gigachat.devices.sberbank.ru/api/v1/chat/completions bodySize=8013 tokenLen=1233
18:09:49.887 [main] INFO ru.aianalyzer.client.GigaChatClient -- GigaChat chat URI=https://gigachat.devices.sberbank.ru/api/v1/chat/completions bodySize=7922 tokenLen=1233
18:09:51.567 [main] WARN ru.aianalyzer.service.GigaChatAnalyzer -- GigaChat output contradicts sandbox: passed=0/1 quality=50 → clamp 40
18:09:51.569 [main] INFO ru.aianalyzer.client.GigaChatClient -- GigaChat chat URI=https://gigachat.devices.sberbank.ru/api/v1/chat/completions bodySize=7927 tokenLen=1233
18:09:52.934 [main] WARN ru.aianalyzer.service.GigaChatAnalyzer -- GigaChat output contradicts sandbox: passed=0/1 quality=50 → clamp 40
18:09:52.936 [main] INFO ru.aianalyzer.client.GigaChatClient -- GigaChat chat URI=https://gigachat.devices.sberbank.ru/api/v1/chat/completions bodySize=8025 tokenLen=1233
18:09:54.544 [main] WARN ru.aianalyzer.service.GigaChatAnalyzer -- GigaChat output contradicts sandbox: passed=0/1 quality=60 → clamp 40
18:09:54.546 [main] INFO ru.aianalyzer.client.GigaChatClient -- GigaChat chat URI=https://gigachat.devices.sberbank.ru/api/v1/chat/completions bodySize=7873 tokenLen=1233
18:09:55.989 [main] INFO ru.aianalyzer.client.GigaChatClient -- GigaChat chat URI=https://gigachat.devices.sberbank.ru/api/v1/chat/completions bodySize=7900 tokenLen=1233
18:09:57.220 [main] INFO ru.aianalyzer.client.GigaChatClient -- GigaChat chat URI=https://gigachat.devices.sberbank.ru/api/v1/chat/completions bodySize=7910 tokenLen=1233
18:09:58.863 [main] INFO ru.aianalyzer.client.GigaChatClient -- GigaChat chat URI=https://gigachat.devices.sberbank.ru/api/v1/chat/completions bodySize=8195 tokenLen=1233
18:10:00.385 [main] WARN ru.aianalyzer.service.GigaChatAnalyzer -- GigaChat output contradicts sandbox: passed=0/1 quality=60 → clamp 40
18:10:00.388 [main] INFO ru.aianalyzer.client.GigaChatClient -- GigaChat chat URI=https://gigachat.devices.sberbank.ru/api/v1/chat/completions bodySize=8069 tokenLen=1233
18:10:01.882 [main] WARN ru.aianalyzer.service.GigaChatAnalyzer -- GigaChat output contradicts sandbox: passed=0/1 quality=50 → clamp 40
18:10:01.887 [main] INFO ru.aianalyzer.client.GigaChatClient -- GigaChat chat URI=https://gigachat.devices.sberbank.ru/api/v1/chat/completions bodySize=8019 tokenLen=1233
18:10:03.279 [main] WARN ru.aianalyzer.service.GigaChatAnalyzer -- GigaChat output contradicts sandbox: passed=0/1 quality=60 → clamp 40
18:10:03.282 [main] INFO ru.aianalyzer.client.GigaChatClient -- GigaChat chat URI=https://gigachat.devices.sberbank.ru/api/v1/chat/completions bodySize=7914 tokenLen=1233
18:10:04.736 [main] INFO ru.aianalyzer.client.GigaChatClient -- GigaChat chat URI=https://gigachat.devices.sberbank.ru/api/v1/chat/completions bodySize=7941 tokenLen=1233
18:10:05.763 [main] INFO ru.aianalyzer.client.GigaChatClient -- GigaChat chat URI=https://gigachat.devices.sberbank.ru/api/v1/chat/completions bodySize=7986 tokenLen=1233
18:10:07.193 [main] INFO ru.aianalyzer.client.GigaChatClient -- GigaChat chat URI=https://gigachat.devices.sberbank.ru/api/v1/chat/completions bodySize=8085 tokenLen=1233
18:10:08.839 [main] WARN ru.aianalyzer.service.GigaChatAnalyzer -- GigaChat output contradicts sandbox: passed=0/1 quality=60 → clamp 40
18:10:08.842 [main] INFO ru.aianalyzer.client.GigaChatClient -- GigaChat chat URI=https://gigachat.devices.sberbank.ru/api/v1/chat/completions bodySize=7899 tokenLen=1233
18:10:10.224 [main] INFO ru.aianalyzer.client.GigaChatClient -- GigaChat chat URI=https://gigachat.devices.sberbank.ru/api/v1/chat/completions bodySize=8000 tokenLen=1233
18:10:11.814 [main] WARN ru.aianalyzer.service.GigaChatAnalyzer -- GigaChat output contradicts sandbox: passed=0/1 quality=50 → clamp 40
18:10:11.817 [main] INFO ru.aianalyzer.client.GigaChatClient -- GigaChat chat URI=https://gigachat.devices.sberbank.ru/api/v1/chat/completions bodySize=7901 tokenLen=1233
18:10:13.067 [main] INFO ru.aianalyzer.client.GigaChatClient -- GigaChat chat URI=https://gigachat.devices.sberbank.ru/api/v1/chat/completions bodySize=7894 tokenLen=1233
18:10:14.519 [main] INFO ru.aianalyzer.client.GigaChatClient -- GigaChat chat URI=https://gigachat.devices.sberbank.ru/api/v1/chat/completions bodySize=8124 tokenLen=1233
18:10:15.936 [main] INFO ru.aianalyzer.client.GigaChatClient -- GigaChat chat URI=https://gigachat.devices.sberbank.ru/api/v1/chat/completions bodySize=8037 tokenLen=1233
18:10:17.180 [main] WARN ru.aianalyzer.service.GigaChatAnalyzer -- GigaChat output contradicts sandbox: passed=0/1 quality=60 → clamp 40
18:10:17.194 [main] INFO ru.aianalyzer.client.GigaChatClient -- GigaChat chat URI=https://gigachat.devices.sberbank.ru/api/v1/chat/completions bodySize=8020 tokenLen=1233
18:10:18.488 [main] WARN ru.aianalyzer.service.GigaChatAnalyzer -- GigaChat output contradicts sandbox: passed=0/1 quality=50 → clamp 40
18:10:18.493 [main] INFO ru.aianalyzer.client.GigaChatClient -- GigaChat chat URI=https://gigachat.devices.sberbank.ru/api/v1/chat/completions bodySize=8161 tokenLen=1233
18:10:19.963 [main] WARN ru.aianalyzer.service.GigaChatAnalyzer -- GigaChat output contradicts sandbox: passed=0/1 quality=60 → clamp 40
18:10:19.966 [main] INFO ru.aianalyzer.client.GigaChatClient -- GigaChat chat URI=https://gigachat.devices.sberbank.ru/api/v1/chat/completions bodySize=7912 tokenLen=1233
18:10:21.654 [main] INFO ru.aianalyzer.client.GigaChatClient -- GigaChat chat URI=https://gigachat.devices.sberbank.ru/api/v1/chat/completions bodySize=7900 tokenLen=1233
18:10:23.009 [main] INFO ru.aianalyzer.client.GigaChatClient -- GigaChat chat URI=https://gigachat.devices.sberbank.ru/api/v1/chat/completions bodySize=8087 tokenLen=1233
18:10:24.406 [main] INFO ru.aianalyzer.client.GigaChatClient -- GigaChat chat URI=https://gigachat.devices.sberbank.ru/api/v1/chat/completions bodySize=7922 tokenLen=1233
18:10:26.381 [main] WARN ru.aianalyzer.service.GigaChatAnalyzer -- GigaChat output contradicts sandbox: passed=0/1 quality=50 → clamp 40
18:10:26.384 [main] INFO ru.aianalyzer.client.GigaChatClient -- GigaChat chat URI=https://gigachat.devices.sberbank.ru/api/v1/chat/completions bodySize=7922 tokenLen=1233
18:10:27.568 [main] WARN ru.aianalyzer.service.GigaChatAnalyzer -- GigaChat output contradicts sandbox: passed=0/1 quality=60 → clamp 40
18:10:27.571 [main] INFO ru.aianalyzer.client.GigaChatClient -- GigaChat chat URI=https://gigachat.devices.sberbank.ru/api/v1/chat/completions bodySize=8173 tokenLen=1233
18:10:29.483 [main] INFO ru.aianalyzer.client.GigaChatClient -- GigaChat chat URI=https://gigachat.devices.sberbank.ru/api/v1/chat/completions bodySize=7868 tokenLen=1233
18:10:30.656 [main] INFO ru.aianalyzer.client.GigaChatClient -- GigaChat chat URI=https://gigachat.devices.sberbank.ru/api/v1/chat/completions bodySize=7908 tokenLen=1233
18:10:31.887 [main] INFO ru.aianalyzer.client.GigaChatClient -- GigaChat chat URI=https://gigachat.devices.sberbank.ru/api/v1/chat/completions bodySize=7916 tokenLen=1233
18:10:33.422 [main] INFO ru.aianalyzer.client.GigaChatClient -- GigaChat chat URI=https://gigachat.devices.sberbank.ru/api/v1/chat/completions bodySize=7924 tokenLen=1233
18:10:34.895 [main] INFO ru.aianalyzer.client.GigaChatClient -- GigaChat chat URI=https://gigachat.devices.sberbank.ru/api/v1/chat/completions bodySize=7969 tokenLen=1233
18:10:36.168 [main] WARN ru.aianalyzer.service.GigaChatAnalyzer -- GigaChat output contradicts sandbox: passed=0/1 quality=50 → clamp 40
18:10:36.170 [main] INFO ru.aianalyzer.client.GigaChatClient -- GigaChat chat URI=https://gigachat.devices.sberbank.ru/api/v1/chat/completions bodySize=7906 tokenLen=1233
18:10:38.116 [main] INFO ru.aianalyzer.client.GigaChatClient -- GigaChat chat URI=https://gigachat.devices.sberbank.ru/api/v1/chat/completions bodySize=7898 tokenLen=1233
18:10:39.168 [main] INFO ru.aianalyzer.client.GigaChatClient -- GigaChat chat URI=https://gigachat.devices.sberbank.ru/api/v1/chat/completions bodySize=8046 tokenLen=1233
18:10:40.412 [main] WARN ru.aianalyzer.service.GigaChatAnalyzer -- GigaChat output contradicts sandbox: passed=0/1 quality=50 → clamp 40
18:10:40.415 [main] INFO ru.aianalyzer.client.GigaChatClient -- GigaChat chat URI=https://gigachat.devices.sberbank.ru/api/v1/chat/completions bodySize=7964 tokenLen=1233
18:10:41.890 [main] WARN ru.aianalyzer.service.GigaChatAnalyzer -- GigaChat output contradicts sandbox: passed=0/1 quality=50 → clamp 40
18:10:41.894 [main] INFO ru.aianalyzer.client.GigaChatClient -- GigaChat chat URI=https://gigachat.devices.sberbank.ru/api/v1/chat/completions bodySize=7931 tokenLen=1233
18:10:42.834 [main] INFO ru.aianalyzer.client.GigaChatClient -- GigaChat chat URI=https://gigachat.devices.sberbank.ru/api/v1/chat/completions bodySize=7956 tokenLen=1233
18:10:44.557 [main] WARN ru.aianalyzer.service.GigaChatAnalyzer -- GigaChat output contradicts sandbox: passed=0/1 quality=60 → clamp 40
18:10:44.572 [main] INFO ru.aianalyzer.client.GigaChatClient -- GigaChat chat URI=https://gigachat.devices.sberbank.ru/api/v1/chat/completions bodySize=7971 tokenLen=1233
18:10:46.070 [main] WARN ru.aianalyzer.service.GigaChatAnalyzer -- GigaChat output contradicts sandbox: passed=0/1 quality=50 → clamp 40
18:10:46.073 [main] INFO ru.aianalyzer.client.GigaChatClient -- GigaChat chat URI=https://gigachat.devices.sberbank.ru/api/v1/chat/completions bodySize=8030 tokenLen=1233
18:10:47.713 [main] WARN ru.aianalyzer.service.GigaChatAnalyzer -- GigaChat output contradicts sandbox: passed=0/1 quality=50 → clamp 40
18:10:47.734 [main] INFO ru.aianalyzer.client.GigaChatClient -- GigaChat chat URI=https://gigachat.devices.sberbank.ru/api/v1/chat/completions bodySize=8045 tokenLen=1233
18:10:49.120 [main] WARN ru.aianalyzer.service.GigaChatAnalyzer -- GigaChat output contradicts sandbox: passed=0/1 quality=50 → clamp 40
18:10:49.125 [main] INFO ru.aianalyzer.client.GigaChatClient -- GigaChat chat URI=https://gigachat.devices.sberbank.ru/api/v1/chat/completions bodySize=12853 tokenLen=1233
18:10:50.574 [main] INFO ru.aianalyzer.client.GigaChatClient -- GigaChat chat URI=https://gigachat.devices.sberbank.ru/api/v1/chat/completions bodySize=8011 tokenLen=1233
18:10:52.054 [main] WARN ru.aianalyzer.service.GigaChatAnalyzer -- GigaChat output contradicts sandbox: passed=0/1 quality=50 → clamp 40
18:10:52.058 [main] INFO ru.aianalyzer.client.GigaChatClient -- GigaChat chat URI=https://gigachat.devices.sberbank.ru/api/v1/chat/completions bodySize=7948 tokenLen=1233
18:10:53.693 [main] WARN ru.aianalyzer.service.GigaChatAnalyzer -- GigaChat output contradicts sandbox: passed=0/1 quality=50 → clamp 40
18:10:53.698 [main] INFO ru.aianalyzer.client.GigaChatClient -- GigaChat chat URI=https://gigachat.devices.sberbank.ru/api/v1/chat/completions bodySize=7993 tokenLen=1233
18:10:54.928 [main] WARN ru.aianalyzer.service.GigaChatAnalyzer -- GigaChat output contradicts sandbox: passed=0/1 quality=50 → clamp 40
18:10:54.933 [main] INFO ru.aianalyzer.client.GigaChatClient -- GigaChat chat URI=https://gigachat.devices.sberbank.ru/api/v1/chat/completions bodySize=8027 tokenLen=1233
18:10:56.461 [main] WARN ru.aianalyzer.service.GigaChatAnalyzer -- GigaChat output contradicts sandbox: passed=0/1 quality=50 → clamp 40
18:10:56.464 [main] INFO ru.aianalyzer.client.GigaChatClient -- GigaChat chat URI=https://gigachat.devices.sberbank.ru/api/v1/chat/completions bodySize=7950 tokenLen=1233
18:10:58.118 [main] WARN ru.aianalyzer.service.GigaChatAnalyzer -- GigaChat output contradicts sandbox: passed=0/1 quality=60 → clamp 40
18:10:58.121 [main] INFO ru.aianalyzer.client.GigaChatClient -- GigaChat chat URI=https://gigachat.devices.sberbank.ru/api/v1/chat/completions bodySize=7997 tokenLen=1233
18:10:59.888 [main] WARN ru.aianalyzer.service.GigaChatAnalyzer -- GigaChat output contradicts sandbox: passed=0/1 quality=50 → clamp 40
18:10:59.896 [main] INFO ru.aianalyzer.client.GigaChatClient -- GigaChat chat URI=https://gigachat.devices.sberbank.ru/api/v1/chat/completions bodySize=7991 tokenLen=1233
18:11:01.278 [main] WARN ru.aianalyzer.service.GigaChatAnalyzer -- GigaChat output contradicts sandbox: passed=0/1 quality=50 → clamp 40
18:11:01.280 [main] INFO ru.aianalyzer.client.GigaChatClient -- GigaChat chat URI=https://gigachat.devices.sberbank.ru/api/v1/chat/completions bodySize=7969 tokenLen=1233
18:11:03.065 [main] WARN ru.aianalyzer.service.GigaChatAnalyzer -- GigaChat output contradicts sandbox: passed=0/1 quality=50 → clamp 40
18:11:03.071 [main] INFO ru.aianalyzer.client.GigaChatClient -- GigaChat chat URI=https://gigachat.devices.sberbank.ru/api/v1/chat/completions bodySize=7941 tokenLen=1233
18:11:04.371 [main] INFO ru.aianalyzer.client.GigaChatClient -- GigaChat chat URI=https://gigachat.devices.sberbank.ru/api/v1/chat/completions bodySize=8013 tokenLen=1233
18:11:06.344 [main] WARN ru.aianalyzer.service.GigaChatAnalyzer -- GigaChat output contradicts sandbox: passed=0/1 quality=50 → clamp 40
18:11:06.348 [main] INFO ru.aianalyzer.client.GigaChatClient -- GigaChat chat URI=https://gigachat.devices.sberbank.ru/api/v1/chat/completions bodySize=7992 tokenLen=1233
18:11:07.837 [main] INFO ru.aianalyzer.client.GigaChatClient -- GigaChat chat URI=https://gigachat.devices.sberbank.ru/api/v1/chat/completions bodySize=8023 tokenLen=1233
18:11:09.398 [main] INFO ru.aianalyzer.client.GigaChatClient -- GigaChat chat URI=https://gigachat.devices.sberbank.ru/api/v1/chat/completions bodySize=4158 tokenLen=1233
18:11:11.240 [main] WARN ru.aianalyzer.service.GigaChatAnalyzer -- GigaChat output contradicts sandbox: passed=0/1 quality=75 → clamp 40
18:11:11.253 [main] INFO ru.aianalyzer.client.GigaChatClient -- GigaChat chat URI=https://gigachat.devices.sberbank.ru/api/v1/chat/completions bodySize=4149 tokenLen=1233
18:11:12.399 [main] WARN ru.aianalyzer.service.GigaChatAnalyzer -- GigaChat output contradicts sandbox: passed=0/1 quality=85 → clamp 40
18:11:12.414 [main] INFO ru.aianalyzer.client.GigaChatClient -- GigaChat chat URI=https://gigachat.devices.sberbank.ru/api/v1/chat/completions bodySize=4403 tokenLen=1233
18:11:13.805 [main] WARN ru.aianalyzer.service.GigaChatAnalyzer -- GigaChat output contradicts sandbox: passed=0/1 quality=85 → clamp 40
18:11:13.814 [main] INFO ru.aianalyzer.client.GigaChatClient -- GigaChat chat URI=https://gigachat.devices.sberbank.ru/api/v1/chat/completions bodySize=4046 tokenLen=1233
18:11:15.284 [main] INFO ru.aianalyzer.client.GigaChatClient -- GigaChat chat URI=https://gigachat.devices.sberbank.ru/api/v1/chat/completions bodySize=4244 tokenLen=1233
18:11:16.724 [main] INFO ru.aianalyzer.client.GigaChatClient -- GigaChat chat URI=https://gigachat.devices.sberbank.ru/api/v1/chat/completions bodySize=4194 tokenLen=1233
18:11:18.083 [main] INFO ru.aianalyzer.client.GigaChatClient -- GigaChat chat URI=https://gigachat.devices.sberbank.ru/api/v1/chat/completions bodySize=4051 tokenLen=1233
18:11:19.546 [main] WARN ru.aianalyzer.service.GigaChatAnalyzer -- GigaChat output contradicts sandbox: passed=0/1 quality=50 → clamp 40
18:11:19.559 [main] INFO ru.aianalyzer.client.GigaChatClient -- GigaChat chat URI=https://gigachat.devices.sberbank.ru/api/v1/chat/completions bodySize=4057 tokenLen=1233
18:11:20.835 [main] WARN ru.aianalyzer.service.GigaChatAnalyzer -- GigaChat output contradicts sandbox: passed=0/1 quality=60 → clamp 40
18:11:20.853 [main] INFO ru.aianalyzer.client.GigaChatClient -- GigaChat chat URI=https://gigachat.devices.sberbank.ru/api/v1/chat/completions bodySize=4148 tokenLen=1233
18:11:22.091 [main] WARN ru.aianalyzer.service.GigaChatAnalyzer -- GigaChat output contradicts sandbox: passed=0/1 quality=70 → clamp 40
18:11:22.095 [main] INFO ru.aianalyzer.client.GigaChatClient -- GigaChat chat URI=https://gigachat.devices.sberbank.ru/api/v1/chat/completions bodySize=4001 tokenLen=1233
18:11:23.292 [main] WARN ru.aianalyzer.service.GigaChatAnalyzer -- GigaChat output contradicts sandbox: passed=0/1 quality=50 → clamp 40
18:11:23.295 [main] INFO ru.aianalyzer.client.GigaChatClient -- GigaChat chat URI=https://gigachat.devices.sberbank.ru/api/v1/chat/completions bodySize=4081 tokenLen=1233
18:11:24.481 [main] INFO ru.aianalyzer.client.GigaChatClient -- GigaChat chat URI=https://gigachat.devices.sberbank.ru/api/v1/chat/completions bodySize=4092 tokenLen=1233
18:11:25.936 [main] INFO ru.aianalyzer.client.GigaChatClient -- GigaChat chat URI=https://gigachat.devices.sberbank.ru/api/v1/chat/completions bodySize=4322 tokenLen=1233
18:11:27.577 [main] WARN ru.aianalyzer.service.GigaChatAnalyzer -- GigaChat output contradicts sandbox: passed=0/1 quality=75 → clamp 40
18:11:27.583 [main] INFO ru.aianalyzer.client.GigaChatClient -- GigaChat chat URI=https://gigachat.devices.sberbank.ru/api/v1/chat/completions bodySize=4196 tokenLen=1233
18:11:28.841 [main] WARN ru.aianalyzer.service.GigaChatAnalyzer -- GigaChat output contradicts sandbox: passed=0/1 quality=65 → clamp 40
18:11:28.847 [main] INFO ru.aianalyzer.client.GigaChatClient -- GigaChat chat URI=https://gigachat.devices.sberbank.ru/api/v1/chat/completions bodySize=4139 tokenLen=1233
18:11:30.134 [main] WARN ru.aianalyzer.service.GigaChatAnalyzer -- GigaChat output contradicts sandbox: passed=0/1 quality=85 → clamp 40
18:11:30.139 [main] INFO ru.aianalyzer.client.GigaChatClient -- GigaChat chat URI=https://gigachat.devices.sberbank.ru/api/v1/chat/completions bodySize=4041 tokenLen=1233
18:11:31.383 [main] WARN ru.aianalyzer.service.GigaChatAnalyzer -- GigaChat output contradicts sandbox: passed=0/1 quality=50 → clamp 40
18:11:31.390 [main] INFO ru.aianalyzer.client.GigaChatClient -- GigaChat chat URI=https://gigachat.devices.sberbank.ru/api/v1/chat/completions bodySize=4120 tokenLen=1233
18:11:32.779 [main] INFO ru.aianalyzer.client.GigaChatClient -- GigaChat chat URI=https://gigachat.devices.sberbank.ru/api/v1/chat/completions bodySize=4167 tokenLen=1233
18:11:34.289 [main] INFO ru.aianalyzer.client.GigaChatClient -- GigaChat chat URI=https://gigachat.devices.sberbank.ru/api/v1/chat/completions bodySize=4211 tokenLen=1233
18:11:35.719 [main] WARN ru.aianalyzer.service.GigaChatAnalyzer -- GigaChat output contradicts sandbox: passed=0/1 quality=75 → clamp 40
18:11:35.726 [main] INFO ru.aianalyzer.client.GigaChatClient -- GigaChat chat URI=https://gigachat.devices.sberbank.ru/api/v1/chat/completions bodySize=4028 tokenLen=1233
18:11:37.220 [main] WARN ru.aianalyzer.service.GigaChatAnalyzer -- GigaChat output contradicts sandbox: passed=0/1 quality=60 → clamp 40
18:11:37.227 [main] INFO ru.aianalyzer.client.GigaChatClient -- GigaChat chat URI=https://gigachat.devices.sberbank.ru/api/v1/chat/completions bodySize=4120 tokenLen=1233
18:11:38.894 [main] WARN ru.aianalyzer.service.GigaChatAnalyzer -- GigaChat output contradicts sandbox: passed=0/1 quality=65 → clamp 40
18:11:38.906 [main] INFO ru.aianalyzer.client.GigaChatClient -- GigaChat chat URI=https://gigachat.devices.sberbank.ru/api/v1/chat/completions bodySize=4027 tokenLen=1233
18:11:40.252 [main] WARN ru.aianalyzer.service.GigaChatAnalyzer -- GigaChat output contradicts sandbox: passed=0/1 quality=50 → clamp 40
18:11:40.256 [main] INFO ru.aianalyzer.client.GigaChatClient -- GigaChat chat URI=https://gigachat.devices.sberbank.ru/api/v1/chat/completions bodySize=4073 tokenLen=1233
18:11:41.579 [main] INFO ru.aianalyzer.client.GigaChatClient -- GigaChat chat URI=https://gigachat.devices.sberbank.ru/api/v1/chat/completions bodySize=4306 tokenLen=1233
18:11:43.198 [main] INFO ru.aianalyzer.client.GigaChatClient -- GigaChat chat URI=https://gigachat.devices.sberbank.ru/api/v1/chat/completions bodySize=4163 tokenLen=1233
18:11:44.500 [main] WARN ru.aianalyzer.service.GigaChatAnalyzer -- GigaChat output contradicts sandbox: passed=0/1 quality=85 → clamp 40
18:11:44.509 [main] INFO ru.aianalyzer.client.GigaChatClient -- GigaChat chat URI=https://gigachat.devices.sberbank.ru/api/v1/chat/completions bodySize=4147 tokenLen=1233
18:11:45.761 [main] WARN ru.aianalyzer.service.GigaChatAnalyzer -- GigaChat output contradicts sandbox: passed=0/1 quality=50 → clamp 40
18:11:45.767 [main] INFO ru.aianalyzer.client.GigaChatClient -- GigaChat chat URI=https://gigachat.devices.sberbank.ru/api/v1/chat/completions bodySize=4282 tokenLen=1233
18:11:47.478 [main] WARN ru.aianalyzer.service.GigaChatAnalyzer -- GigaChat output contradicts sandbox: passed=0/1 quality=80 → clamp 40
18:11:47.486 [main] INFO ru.aianalyzer.client.GigaChatClient -- GigaChat chat URI=https://gigachat.devices.sberbank.ru/api/v1/chat/completions bodySize=4039 tokenLen=1233
18:11:49.142 [main] WARN ru.aianalyzer.service.GigaChatAnalyzer -- GigaChat output contradicts sandbox: passed=0/1 quality=50 → clamp 40
18:11:49.148 [main] INFO ru.aianalyzer.client.GigaChatClient -- GigaChat chat URI=https://gigachat.devices.sberbank.ru/api/v1/chat/completions bodySize=4079 tokenLen=1233
18:11:50.822 [main] INFO ru.aianalyzer.client.GigaChatClient -- GigaChat chat URI=https://gigachat.devices.sberbank.ru/api/v1/chat/completions bodySize=4267 tokenLen=1233
18:11:52.225 [main] INFO ru.aianalyzer.client.GigaChatClient -- GigaChat chat URI=https://gigachat.devices.sberbank.ru/api/v1/chat/completions bodySize=4051 tokenLen=1233
18:11:53.869 [main] WARN ru.aianalyzer.service.GigaChatAnalyzer -- GigaChat output contradicts sandbox: passed=0/1 quality=60 → clamp 40
18:11:53.881 [main] INFO ru.aianalyzer.client.GigaChatClient -- GigaChat chat URI=https://gigachat.devices.sberbank.ru/api/v1/chat/completions bodySize=4053 tokenLen=1233
18:11:55.344 [main] WARN ru.aianalyzer.service.GigaChatAnalyzer -- GigaChat output contradicts sandbox: passed=0/1 quality=85 → clamp 40
18:11:55.347 [main] INFO ru.aianalyzer.client.GigaChatClient -- GigaChat chat URI=https://gigachat.devices.sberbank.ru/api/v1/chat/completions bodySize=4296 tokenLen=1233
18:11:56.886 [main] WARN ru.aianalyzer.service.GigaChatAnalyzer -- GigaChat output contradicts sandbox: passed=0/1 quality=60 → clamp 40
18:11:56.890 [main] INFO ru.aianalyzer.client.GigaChatClient -- GigaChat chat URI=https://gigachat.devices.sberbank.ru/api/v1/chat/completions bodySize=3996 tokenLen=1233
18:11:58.075 [main] WARN ru.aianalyzer.service.GigaChatAnalyzer -- GigaChat output contradicts sandbox: passed=0/1 quality=50 → clamp 40
18:11:58.078 [main] INFO ru.aianalyzer.client.GigaChatClient -- GigaChat chat URI=https://gigachat.devices.sberbank.ru/api/v1/chat/completions bodySize=4090 tokenLen=1233
18:11:59.219 [main] INFO ru.aianalyzer.client.GigaChatClient -- GigaChat chat URI=https://gigachat.devices.sberbank.ru/api/v1/chat/completions bodySize=4099 tokenLen=1233
18:12:00.472 [main] INFO ru.aianalyzer.client.GigaChatClient -- GigaChat chat URI=https://gigachat.devices.sberbank.ru/api/v1/chat/completions bodySize=4052 tokenLen=1233
18:12:01.941 [main] WARN ru.aianalyzer.service.GigaChatAnalyzer -- GigaChat output contradicts sandbox: passed=0/1 quality=50 → clamp 40
18:12:01.958 [main] INFO ru.aianalyzer.client.GigaChatClient -- GigaChat chat URI=https://gigachat.devices.sberbank.ru/api/v1/chat/completions bodySize=4098 tokenLen=1233
18:12:03.170 [main] WARN ru.aianalyzer.service.GigaChatAnalyzer -- GigaChat output contradicts sandbox: passed=0/1 quality=50 → clamp 40
18:12:03.190 [main] INFO ru.aianalyzer.client.GigaChatClient -- GigaChat chat URI=https://gigachat.devices.sberbank.ru/api/v1/chat/completions bodySize=4032 tokenLen=1233
18:12:04.324 [main] WARN ru.aianalyzer.service.GigaChatAnalyzer -- GigaChat output contradicts sandbox: passed=0/1 quality=50 → clamp 40
18:12:04.328 [main] INFO ru.aianalyzer.client.GigaChatClient -- GigaChat chat URI=https://gigachat.devices.sberbank.ru/api/v1/chat/completions bodySize=4078 tokenLen=1233
18:12:05.598 [main] INFO ru.aianalyzer.client.GigaChatClient -- GigaChat chat URI=https://gigachat.devices.sberbank.ru/api/v1/chat/completions bodySize=4175 tokenLen=1233
18:12:06.805 [main] WARN ru.aianalyzer.service.GigaChatAnalyzer -- GigaChat output contradicts sandbox: passed=0/1 quality=75 → clamp 40
18:12:06.810 [main] INFO ru.aianalyzer.client.GigaChatClient -- GigaChat chat URI=https://gigachat.devices.sberbank.ru/api/v1/chat/completions bodySize=4092 tokenLen=1233
18:12:07.871 [main] WARN ru.aianalyzer.service.GigaChatAnalyzer -- GigaChat output contradicts sandbox: passed=0/1 quality=75 → clamp 40
18:12:07.884 [main] INFO ru.aianalyzer.client.GigaChatClient -- GigaChat chat URI=https://gigachat.devices.sberbank.ru/api/v1/chat/completions bodySize=4059 tokenLen=1233
18:12:09.156 [main] INFO ru.aianalyzer.client.GigaChatClient -- GigaChat chat URI=https://gigachat.devices.sberbank.ru/api/v1/chat/completions bodySize=4087 tokenLen=1233
18:12:10.556 [main] WARN ru.aianalyzer.service.GigaChatAnalyzer -- GigaChat output contradicts sandbox: passed=0/1 quality=75 → clamp 40
18:12:10.560 [main] INFO ru.aianalyzer.client.GigaChatClient -- GigaChat chat URI=https://gigachat.devices.sberbank.ru/api/v1/chat/completions bodySize=4102 tokenLen=1233
18:12:11.717 [main] WARN ru.aianalyzer.service.GigaChatAnalyzer -- GigaChat output contradicts sandbox: passed=0/1 quality=60 → clamp 40
18:12:11.723 [main] INFO ru.aianalyzer.client.GigaChatClient -- GigaChat chat URI=https://gigachat.devices.sberbank.ru/api/v1/chat/completions bodySize=4158 tokenLen=1233
18:12:13.026 [main] WARN ru.aianalyzer.service.GigaChatAnalyzer -- GigaChat output contradicts sandbox: passed=0/1 quality=95 → clamp 40
18:12:13.030 [main] INFO ru.aianalyzer.client.GigaChatClient -- GigaChat chat URI=https://gigachat.devices.sberbank.ru/api/v1/chat/completions bodySize=4173 tokenLen=1233
18:12:14.362 [main] WARN ru.aianalyzer.service.GigaChatAnalyzer -- GigaChat output contradicts sandbox: passed=0/1 quality=75 → clamp 40
18:12:14.365 [main] INFO ru.aianalyzer.client.GigaChatClient -- GigaChat chat URI=https://gigachat.devices.sberbank.ru/api/v1/chat/completions bodySize=8984 tokenLen=1233
18:12:15.835 [main] WARN ru.aianalyzer.service.GigaChatAnalyzer -- GigaChat output contradicts sandbox: passed=0/1 quality=60 → clamp 40
18:12:15.845 [main] INFO ru.aianalyzer.client.GigaChatClient -- GigaChat chat URI=https://gigachat.devices.sberbank.ru/api/v1/chat/completions bodySize=4140 tokenLen=1233
18:12:16.968 [main] WARN ru.aianalyzer.service.GigaChatAnalyzer -- GigaChat output contradicts sandbox: passed=0/1 quality=75 → clamp 40
18:12:16.972 [main] INFO ru.aianalyzer.client.GigaChatClient -- GigaChat chat URI=https://gigachat.devices.sberbank.ru/api/v1/chat/completions bodySize=4079 tokenLen=1233
18:12:18.448 [main] WARN ru.aianalyzer.service.GigaChatAnalyzer -- GigaChat output contradicts sandbox: passed=0/1 quality=75 → clamp 40
18:12:18.454 [main] INFO ru.aianalyzer.client.GigaChatClient -- GigaChat chat URI=https://gigachat.devices.sberbank.ru/api/v1/chat/completions bodySize=4124 tokenLen=1233
18:12:19.665 [main] WARN ru.aianalyzer.service.GigaChatAnalyzer -- GigaChat output contradicts sandbox: passed=0/1 quality=75 → clamp 40
18:12:19.669 [main] INFO ru.aianalyzer.client.GigaChatClient -- GigaChat chat URI=https://gigachat.devices.sberbank.ru/api/v1/chat/completions bodySize=4155 tokenLen=1233
18:12:20.885 [main] WARN ru.aianalyzer.service.GigaChatAnalyzer -- GigaChat output contradicts sandbox: passed=0/1 quality=75 → clamp 40
18:12:20.890 [main] INFO ru.aianalyzer.client.GigaChatClient -- GigaChat chat URI=https://gigachat.devices.sberbank.ru/api/v1/chat/completions bodySize=4078 tokenLen=1233
18:12:22.186 [main] WARN ru.aianalyzer.service.GigaChatAnalyzer -- GigaChat output contradicts sandbox: passed=0/1 quality=70 → clamp 40
18:12:22.189 [main] INFO ru.aianalyzer.client.GigaChatClient -- GigaChat chat URI=https://gigachat.devices.sberbank.ru/api/v1/chat/completions bodySize=4128 tokenLen=1233
18:12:23.622 [main] WARN ru.aianalyzer.service.GigaChatAnalyzer -- GigaChat output contradicts sandbox: passed=0/1 quality=70 → clamp 40
18:12:23.627 [main] INFO ru.aianalyzer.client.GigaChatClient -- GigaChat chat URI=https://gigachat.devices.sberbank.ru/api/v1/chat/completions bodySize=4122 tokenLen=1233
18:12:25.279 [main] WARN ru.aianalyzer.service.GigaChatAnalyzer -- GigaChat output contradicts sandbox: passed=0/1 quality=95 → clamp 40
18:12:25.281 [main] INFO ru.aianalyzer.client.GigaChatClient -- GigaChat chat URI=https://gigachat.devices.sberbank.ru/api/v1/chat/completions bodySize=4100 tokenLen=1233
18:12:26.764 [main] WARN ru.aianalyzer.service.GigaChatAnalyzer -- GigaChat output contradicts sandbox: passed=0/1 quality=70 → clamp 40
18:12:26.767 [main] INFO ru.aianalyzer.client.GigaChatClient -- GigaChat chat URI=https://gigachat.devices.sberbank.ru/api/v1/chat/completions bodySize=4072 tokenLen=1233
18:12:28.065 [main] WARN ru.aianalyzer.service.GigaChatAnalyzer -- GigaChat output contradicts sandbox: passed=0/1 quality=50 → clamp 40
18:12:28.068 [main] INFO ru.aianalyzer.client.GigaChatClient -- GigaChat chat URI=https://gigachat.devices.sberbank.ru/api/v1/chat/completions bodySize=4144 tokenLen=1233
18:12:29.724 [main] WARN ru.aianalyzer.service.GigaChatAnalyzer -- GigaChat output contradicts sandbox: passed=0/1 quality=70 → clamp 40
18:12:29.728 [main] INFO ru.aianalyzer.client.GigaChatClient -- GigaChat chat URI=https://gigachat.devices.sberbank.ru/api/v1/chat/completions bodySize=4123 tokenLen=1233
18:12:31.012 [main] WARN ru.aianalyzer.service.GigaChatAnalyzer -- GigaChat output contradicts sandbox: passed=0/1 quality=50 → clamp 40
18:12:31.017 [main] INFO ru.aianalyzer.client.GigaChatClient -- GigaChat chat URI=https://gigachat.devices.sberbank.ru/api/v1/chat/completions bodySize=4151 tokenLen=1233
18:12:32.610 [main] WARN ru.aianalyzer.service.GigaChatAnalyzer -- GigaChat output contradicts sandbox: passed=0/1 quality=70 → clamp 40
18:12:32.614 [main] INFO ru.aianalyzer.client.GigaChatClient -- GigaChat chat URI=https://gigachat.devices.sberbank.ru/api/v1/chat/completions bodySize=4055 tokenLen=1233
18:12:34.795 [main] WARN ru.aianalyzer.service.GigaChatAnalyzer -- GigaChat output contradicts sandbox: passed=0/1 quality=60 → clamp 40
18:12:34.802 [main] INFO ru.aianalyzer.client.GigaChatClient -- GigaChat chat URI=https://gigachat.devices.sberbank.ru/api/v1/chat/completions bodySize=4045 tokenLen=1233
18:12:36.244 [main] WARN ru.aianalyzer.service.GigaChatAnalyzer -- GigaChat output contradicts sandbox: passed=0/1 quality=60 → clamp 40
18:12:36.247 [main] INFO ru.aianalyzer.client.GigaChatClient -- GigaChat chat URI=https://gigachat.devices.sberbank.ru/api/v1/chat/completions bodySize=4307 tokenLen=1233
18:12:37.744 [main] WARN ru.aianalyzer.service.GigaChatAnalyzer -- GigaChat output contradicts sandbox: passed=0/1 quality=65 → clamp 40
18:12:37.746 [main] INFO ru.aianalyzer.client.GigaChatClient -- GigaChat chat URI=https://gigachat.devices.sberbank.ru/api/v1/chat/completions bodySize=3945 tokenLen=1233
18:12:39.014 [main] INFO ru.aianalyzer.client.GigaChatClient -- GigaChat chat URI=https://gigachat.devices.sberbank.ru/api/v1/chat/completions bodySize=4090 tokenLen=1233
18:12:40.962 [main] INFO ru.aianalyzer.client.GigaChatClient -- GigaChat chat URI=https://gigachat.devices.sberbank.ru/api/v1/chat/completions bodySize=4038 tokenLen=1233
18:12:42.225 [main] INFO ru.aianalyzer.client.GigaChatClient -- GigaChat chat URI=https://gigachat.devices.sberbank.ru/api/v1/chat/completions bodySize=3947 tokenLen=1233
18:12:44.121 [main] WARN ru.aianalyzer.service.GigaChatAnalyzer -- GigaChat output contradicts sandbox: passed=0/1 quality=50 → clamp 40
18:12:44.125 [main] INFO ru.aianalyzer.client.GigaChatClient -- GigaChat chat URI=https://gigachat.devices.sberbank.ru/api/v1/chat/completions bodySize=3952 tokenLen=1233
18:12:45.368 [main] WARN ru.aianalyzer.service.GigaChatAnalyzer -- GigaChat output contradicts sandbox: passed=0/1 quality=50 → clamp 40
18:12:45.371 [main] INFO ru.aianalyzer.client.GigaChatClient -- GigaChat chat URI=https://gigachat.devices.sberbank.ru/api/v1/chat/completions bodySize=4050 tokenLen=1233
18:12:46.881 [main] WARN ru.aianalyzer.service.GigaChatAnalyzer -- GigaChat schema invalid, retrying once: response is not valid JSON: Unexpected character ('/' (code 47)): maybe a (non-standard) comment? (not recognized as one since Feature 'ALLOW_COMMENTS' not enabled for parser)
 at [Source: REDACTED (`StreamReadFeature.INCLUDE_SOURCE_IN_LOCATION` disabled); line: 4, column: 53]
18:12:46.885 [main] INFO ru.aianalyzer.client.GigaChatClient -- GigaChat chat URI=https://gigachat.devices.sberbank.ru/api/v1/chat/completions bodySize=4641 tokenLen=1233
18:12:48.509 [main] WARN ru.aianalyzer.service.GigaChatAnalyzer -- GigaChat output contradicts sandbox: passed=0/1 quality=60 → clamp 40
18:12:48.522 [main] INFO ru.aianalyzer.client.GigaChatClient -- GigaChat chat URI=https://gigachat.devices.sberbank.ru/api/v1/chat/completions bodySize=3898 tokenLen=1233
18:12:50.068 [main] WARN ru.aianalyzer.service.GigaChatAnalyzer -- GigaChat output contradicts sandbox: passed=0/1 quality=50 → clamp 40
18:12:50.070 [main] INFO ru.aianalyzer.client.GigaChatClient -- GigaChat chat URI=https://gigachat.devices.sberbank.ru/api/v1/chat/completions bodySize=3925 tokenLen=1233
18:12:51.339 [main] INFO ru.aianalyzer.client.GigaChatClient -- GigaChat chat URI=https://gigachat.devices.sberbank.ru/api/v1/chat/completions bodySize=3935 tokenLen=1233
18:12:52.943 [main] INFO ru.aianalyzer.client.GigaChatClient -- GigaChat chat URI=https://gigachat.devices.sberbank.ru/api/v1/chat/completions bodySize=4220 tokenLen=1233
18:12:54.147 [main] WARN ru.aianalyzer.service.GigaChatAnalyzer -- GigaChat output contradicts sandbox: passed=0/1 quality=60 → clamp 40
18:12:54.162 [main] INFO ru.aianalyzer.client.GigaChatClient -- GigaChat chat URI=https://gigachat.devices.sberbank.ru/api/v1/chat/completions bodySize=4094 tokenLen=1233
18:12:55.707 [main] WARN ru.aianalyzer.service.GigaChatAnalyzer -- GigaChat output contradicts sandbox: passed=0/1 quality=50 → clamp 40
18:12:55.709 [main] INFO ru.aianalyzer.client.GigaChatClient -- GigaChat chat URI=https://gigachat.devices.sberbank.ru/api/v1/chat/completions bodySize=4044 tokenLen=1233
18:12:57.228 [main] WARN ru.aianalyzer.service.GigaChatAnalyzer -- GigaChat output contradicts sandbox: passed=0/1 quality=60 → clamp 40
18:12:57.239 [main] INFO ru.aianalyzer.client.GigaChatClient -- GigaChat chat URI=https://gigachat.devices.sberbank.ru/api/v1/chat/completions bodySize=3939 tokenLen=1233
18:12:58.487 [main] WARN ru.aianalyzer.service.GigaChatAnalyzer -- GigaChat output contradicts sandbox: passed=0/1 quality=50 → clamp 40
18:12:58.494 [main] INFO ru.aianalyzer.client.GigaChatClient -- GigaChat chat URI=https://gigachat.devices.sberbank.ru/api/v1/chat/completions bodySize=3966 tokenLen=1233
18:12:59.563 [main] INFO ru.aianalyzer.client.GigaChatClient -- GigaChat chat URI=https://gigachat.devices.sberbank.ru/api/v1/chat/completions bodySize=4011 tokenLen=1233
18:13:00.800 [main] INFO ru.aianalyzer.client.GigaChatClient -- GigaChat chat URI=https://gigachat.devices.sberbank.ru/api/v1/chat/completions bodySize=4110 tokenLen=1233
18:13:02.346 [main] WARN ru.aianalyzer.service.GigaChatAnalyzer -- GigaChat output contradicts sandbox: passed=0/1 quality=60 → clamp 40
18:13:02.350 [main] INFO ru.aianalyzer.client.GigaChatClient -- GigaChat chat URI=https://gigachat.devices.sberbank.ru/api/v1/chat/completions bodySize=3924 tokenLen=1233
18:13:03.788 [main] WARN ru.aianalyzer.service.GigaChatAnalyzer -- GigaChat output contradicts sandbox: passed=0/1 quality=50 → clamp 40
18:13:03.794 [main] INFO ru.aianalyzer.client.GigaChatClient -- GigaChat chat URI=https://gigachat.devices.sberbank.ru/api/v1/chat/completions bodySize=4025 tokenLen=1233
18:13:05.190 [main] WARN ru.aianalyzer.service.GigaChatAnalyzer -- GigaChat output contradicts sandbox: passed=0/1 quality=50 → clamp 40
18:13:05.192 [main] INFO ru.aianalyzer.client.GigaChatClient -- GigaChat chat URI=https://gigachat.devices.sberbank.ru/api/v1/chat/completions bodySize=3926 tokenLen=1233
18:13:06.558 [main] INFO ru.aianalyzer.client.GigaChatClient -- GigaChat chat URI=https://gigachat.devices.sberbank.ru/api/v1/chat/completions bodySize=3919 tokenLen=1233
18:13:07.785 [main] INFO ru.aianalyzer.client.GigaChatClient -- GigaChat chat URI=https://gigachat.devices.sberbank.ru/api/v1/chat/completions bodySize=4149 tokenLen=1233
18:13:09.425 [main] INFO ru.aianalyzer.client.GigaChatClient -- GigaChat chat URI=https://gigachat.devices.sberbank.ru/api/v1/chat/completions bodySize=4062 tokenLen=1233
18:13:10.773 [main] WARN ru.aianalyzer.service.GigaChatAnalyzer -- GigaChat output contradicts sandbox: passed=0/1 quality=75 → clamp 40
18:13:10.780 [main] INFO ru.aianalyzer.client.GigaChatClient -- GigaChat chat URI=https://gigachat.devices.sberbank.ru/api/v1/chat/completions bodySize=4045 tokenLen=1233
18:13:12.083 [main] WARN ru.aianalyzer.service.GigaChatAnalyzer -- GigaChat output contradicts sandbox: passed=0/1 quality=50 → clamp 40
18:13:12.089 [main] INFO ru.aianalyzer.client.GigaChatClient -- GigaChat chat URI=https://gigachat.devices.sberbank.ru/api/v1/chat/completions bodySize=4186 tokenLen=1233
18:13:13.911 [main] WARN ru.aianalyzer.service.GigaChatAnalyzer -- GigaChat output contradicts sandbox: passed=0/1 quality=60 → clamp 40
18:13:13.916 [main] INFO ru.aianalyzer.client.GigaChatClient -- GigaChat chat URI=https://gigachat.devices.sberbank.ru/api/v1/chat/completions bodySize=3937 tokenLen=1233
18:13:15.116 [main] WARN ru.aianalyzer.service.GigaChatAnalyzer -- GigaChat output contradicts sandbox: passed=0/1 quality=50 → clamp 40
18:13:15.119 [main] INFO ru.aianalyzer.client.GigaChatClient -- GigaChat chat URI=https://gigachat.devices.sberbank.ru/api/v1/chat/completions bodySize=3925 tokenLen=1233
18:13:16.568 [main] INFO ru.aianalyzer.client.GigaChatClient -- GigaChat chat URI=https://gigachat.devices.sberbank.ru/api/v1/chat/completions bodySize=4112 tokenLen=1233
18:13:17.742 [main] INFO ru.aianalyzer.client.GigaChatClient -- GigaChat chat URI=https://gigachat.devices.sberbank.ru/api/v1/chat/completions bodySize=3947 tokenLen=1233
18:13:19.379 [main] WARN ru.aianalyzer.service.GigaChatAnalyzer -- GigaChat output contradicts sandbox: passed=0/1 quality=50 → clamp 40
18:13:19.382 [main] INFO ru.aianalyzer.client.GigaChatClient -- GigaChat chat URI=https://gigachat.devices.sberbank.ru/api/v1/chat/completions bodySize=3947 tokenLen=1233
18:13:20.542 [main] WARN ru.aianalyzer.service.GigaChatAnalyzer -- GigaChat output contradicts sandbox: passed=0/1 quality=75 → clamp 40
18:13:20.543 [main] INFO ru.aianalyzer.client.GigaChatClient -- GigaChat chat URI=https://gigachat.devices.sberbank.ru/api/v1/chat/completions bodySize=4198 tokenLen=1233
18:13:22.202 [main] WARN ru.aianalyzer.service.GigaChatAnalyzer -- GigaChat output contradicts sandbox: passed=0/1 quality=60 → clamp 40
18:13:22.209 [main] INFO ru.aianalyzer.client.GigaChatClient -- GigaChat chat URI=https://gigachat.devices.sberbank.ru/api/v1/chat/completions bodySize=3893 tokenLen=1233
18:13:23.754 [main] WARN ru.aianalyzer.service.GigaChatAnalyzer -- GigaChat output contradicts sandbox: passed=0/1 quality=50 → clamp 40
18:13:23.756 [main] INFO ru.aianalyzer.client.GigaChatClient -- GigaChat chat URI=https://gigachat.devices.sberbank.ru/api/v1/chat/completions bodySize=3933 tokenLen=1233
18:13:24.917 [main] INFO ru.aianalyzer.client.GigaChatClient -- GigaChat chat URI=https://gigachat.devices.sberbank.ru/api/v1/chat/completions bodySize=3941 tokenLen=1233
18:13:26.205 [main] INFO ru.aianalyzer.client.GigaChatClient -- GigaChat chat URI=https://gigachat.devices.sberbank.ru/api/v1/chat/completions bodySize=3949 tokenLen=1233
18:13:27.683 [main] INFO ru.aianalyzer.client.GigaChatClient -- GigaChat chat URI=https://gigachat.devices.sberbank.ru/api/v1/chat/completions bodySize=3994 tokenLen=1233
18:13:28.834 [main] WARN ru.aianalyzer.service.GigaChatAnalyzer -- GigaChat output contradicts sandbox: passed=0/1 quality=50 → clamp 40
18:13:28.841 [main] INFO ru.aianalyzer.client.GigaChatClient -- GigaChat chat URI=https://gigachat.devices.sberbank.ru/api/v1/chat/completions bodySize=3931 tokenLen=1233
18:13:30.504 [main] INFO ru.aianalyzer.client.GigaChatClient -- GigaChat chat URI=https://gigachat.devices.sberbank.ru/api/v1/chat/completions bodySize=3923 tokenLen=1233
18:13:31.905 [main] INFO ru.aianalyzer.client.GigaChatClient -- GigaChat chat URI=https://gigachat.devices.sberbank.ru/api/v1/chat/completions bodySize=4071 tokenLen=1233
18:13:33.256 [main] WARN ru.aianalyzer.service.GigaChatAnalyzer -- GigaChat output contradicts sandbox: passed=0/1 quality=50 → clamp 40
18:13:33.258 [main] INFO ru.aianalyzer.client.GigaChatClient -- GigaChat chat URI=https://gigachat.devices.sberbank.ru/api/v1/chat/completions bodySize=3989 tokenLen=1233
18:13:34.599 [main] WARN ru.aianalyzer.service.GigaChatAnalyzer -- GigaChat output contradicts sandbox: passed=0/1 quality=60 → clamp 40
18:13:34.601 [main] INFO ru.aianalyzer.client.GigaChatClient -- GigaChat chat URI=https://gigachat.devices.sberbank.ru/api/v1/chat/completions bodySize=3956 tokenLen=1233
18:13:36.278 [main] INFO ru.aianalyzer.client.GigaChatClient -- GigaChat chat URI=https://gigachat.devices.sberbank.ru/api/v1/chat/completions bodySize=3981 tokenLen=1233
18:13:37.765 [main] WARN ru.aianalyzer.service.GigaChatAnalyzer -- GigaChat output contradicts sandbox: passed=0/1 quality=60 → clamp 40
18:13:37.776 [main] INFO ru.aianalyzer.client.GigaChatClient -- GigaChat chat URI=https://gigachat.devices.sberbank.ru/api/v1/chat/completions bodySize=3996 tokenLen=1233
18:13:39.090 [main] WARN ru.aianalyzer.service.GigaChatAnalyzer -- GigaChat output contradicts sandbox: passed=0/1 quality=50 → clamp 40
18:13:39.091 [main] INFO ru.aianalyzer.client.GigaChatClient -- GigaChat chat URI=https://gigachat.devices.sberbank.ru/api/v1/chat/completions bodySize=4055 tokenLen=1233
18:13:40.389 [main] WARN ru.aianalyzer.service.GigaChatAnalyzer -- GigaChat output contradicts sandbox: passed=0/1 quality=75 → clamp 40
18:13:40.395 [main] INFO ru.aianalyzer.client.GigaChatClient -- GigaChat chat URI=https://gigachat.devices.sberbank.ru/api/v1/chat/completions bodySize=4070 tokenLen=1233
18:13:41.905 [main] WARN ru.aianalyzer.service.GigaChatAnalyzer -- GigaChat output contradicts sandbox: passed=0/1 quality=50 → clamp 40
18:13:41.907 [main] INFO ru.aianalyzer.client.GigaChatClient -- GigaChat chat URI=https://gigachat.devices.sberbank.ru/api/v1/chat/completions bodySize=8878 tokenLen=1233
18:13:43.525 [main] WARN ru.aianalyzer.service.GigaChatAnalyzer -- GigaChat output contradicts sandbox: passed=0/1 quality=50 → clamp 40
18:13:43.554 [main] INFO ru.aianalyzer.client.GigaChatClient -- GigaChat chat URI=https://gigachat.devices.sberbank.ru/api/v1/chat/completions bodySize=4036 tokenLen=1233
18:13:45.039 [main] WARN ru.aianalyzer.service.GigaChatAnalyzer -- GigaChat output contradicts sandbox: passed=0/1 quality=50 → clamp 40
18:13:45.041 [main] INFO ru.aianalyzer.client.GigaChatClient -- GigaChat chat URI=https://gigachat.devices.sberbank.ru/api/v1/chat/completions bodySize=3973 tokenLen=1233
18:13:46.554 [main] WARN ru.aianalyzer.service.GigaChatAnalyzer -- GigaChat output contradicts sandbox: passed=0/1 quality=60 → clamp 40
18:13:46.565 [main] INFO ru.aianalyzer.client.GigaChatClient -- GigaChat chat URI=https://gigachat.devices.sberbank.ru/api/v1/chat/completions bodySize=4018 tokenLen=1233
18:13:47.866 [main] WARN ru.aianalyzer.service.GigaChatAnalyzer -- GigaChat output contradicts sandbox: passed=0/1 quality=50 → clamp 40
18:13:47.870 [main] INFO ru.aianalyzer.client.GigaChatClient -- GigaChat chat URI=https://gigachat.devices.sberbank.ru/api/v1/chat/completions bodySize=4052 tokenLen=1233
18:13:49.439 [main] WARN ru.aianalyzer.service.GigaChatAnalyzer -- GigaChat output contradicts sandbox: passed=0/1 quality=50 → clamp 40
18:13:49.444 [main] INFO ru.aianalyzer.client.GigaChatClient -- GigaChat chat URI=https://gigachat.devices.sberbank.ru/api/v1/chat/completions bodySize=3975 tokenLen=1233
18:13:50.927 [main] WARN ru.aianalyzer.service.GigaChatAnalyzer -- GigaChat output contradicts sandbox: passed=0/1 quality=60 → clamp 40
18:13:50.929 [main] INFO ru.aianalyzer.client.GigaChatClient -- GigaChat chat URI=https://gigachat.devices.sberbank.ru/api/v1/chat/completions bodySize=4022 tokenLen=1233
18:13:52.504 [main] WARN ru.aianalyzer.service.GigaChatAnalyzer -- GigaChat output contradicts sandbox: passed=0/1 quality=50 → clamp 40
18:13:52.507 [main] INFO ru.aianalyzer.client.GigaChatClient -- GigaChat chat URI=https://gigachat.devices.sberbank.ru/api/v1/chat/completions bodySize=4016 tokenLen=1233
18:13:53.881 [main] WARN ru.aianalyzer.service.GigaChatAnalyzer -- GigaChat output contradicts sandbox: passed=0/1 quality=50 → clamp 40
18:13:53.883 [main] INFO ru.aianalyzer.client.GigaChatClient -- GigaChat chat URI=https://gigachat.devices.sberbank.ru/api/v1/chat/completions bodySize=3994 tokenLen=1233
18:13:55.178 [main] WARN ru.aianalyzer.service.GigaChatAnalyzer -- GigaChat output contradicts sandbox: passed=0/1 quality=50 → clamp 40
18:13:55.180 [main] INFO ru.aianalyzer.client.GigaChatClient -- GigaChat chat URI=https://gigachat.devices.sberbank.ru/api/v1/chat/completions bodySize=3966 tokenLen=1233
18:13:56.299 [main] INFO ru.aianalyzer.client.GigaChatClient -- GigaChat chat URI=https://gigachat.devices.sberbank.ru/api/v1/chat/completions bodySize=4038 tokenLen=1233
18:13:57.878 [main] WARN ru.aianalyzer.service.GigaChatAnalyzer -- GigaChat output contradicts sandbox: passed=0/1 quality=50 → clamp 40
18:13:57.888 [main] INFO ru.aianalyzer.client.GigaChatClient -- GigaChat chat URI=https://gigachat.devices.sberbank.ru/api/v1/chat/completions bodySize=4017 tokenLen=1233
18:13:59.562 [main] WARN ru.aianalyzer.service.GigaChatAnalyzer -- GigaChat output contradicts sandbox: passed=0/1 quality=50 → clamp 40
18:13:59.565 [main] INFO ru.aianalyzer.client.GigaChatClient -- GigaChat chat URI=https://gigachat.devices.sberbank.ru/api/v1/chat/completions bodySize=4048 tokenLen=1233
18:14:01.157 [main] WARN ru.aianalyzer.service.GigaChatAnalyzer -- GigaChat output contradicts sandbox: passed=0/1 quality=50 → clamp 40
18:14:01.171 [main] INFO ru.aianalyzer.client.GigaChatClient -- GigaChat chat URI=https://gigachat.devices.sberbank.ru/api/v1/chat/completions bodySize=8030 tokenLen=1233
18:14:04.499 [main] WARN ru.aianalyzer.service.GigaChatAnalyzer -- GigaChat output contradicts sandbox: passed=0/1 quality=60 → clamp 40
18:14:04.507 [main] INFO ru.aianalyzer.client.GigaChatClient -- GigaChat chat URI=https://gigachat.devices.sberbank.ru/api/v1/chat/completions bodySize=8020 tokenLen=1233
18:14:05.936 [main] WARN ru.aianalyzer.service.GigaChatAnalyzer -- GigaChat output contradicts sandbox: passed=0/1 quality=60 → clamp 40
18:14:05.937 [main] INFO ru.aianalyzer.client.GigaChatClient -- GigaChat chat URI=https://gigachat.devices.sberbank.ru/api/v1/chat/completions bodySize=8282 tokenLen=1233
18:14:08.375 [main] WARN ru.aianalyzer.service.GigaChatAnalyzer -- GigaChat output contradicts sandbox: passed=0/1 quality=60 → clamp 40
18:14:08.380 [main] INFO ru.aianalyzer.client.GigaChatClient -- GigaChat chat URI=https://gigachat.devices.sberbank.ru/api/v1/chat/completions bodySize=7920 tokenLen=1233
18:14:10.111 [main] INFO ru.aianalyzer.client.GigaChatClient -- GigaChat chat URI=https://gigachat.devices.sberbank.ru/api/v1/chat/completions bodySize=8065 tokenLen=1233
18:14:11.410 [main] INFO ru.aianalyzer.client.GigaChatClient -- GigaChat chat URI=https://gigachat.devices.sberbank.ru/api/v1/chat/completions bodySize=8013 tokenLen=1233
18:14:12.724 [main] INFO ru.aianalyzer.client.GigaChatClient -- GigaChat chat URI=https://gigachat.devices.sberbank.ru/api/v1/chat/completions bodySize=7922 tokenLen=1233
18:14:14.421 [main] WARN ru.aianalyzer.service.GigaChatAnalyzer -- GigaChat output contradicts sandbox: passed=0/1 quality=50 → clamp 40
18:14:14.425 [main] INFO ru.aianalyzer.client.GigaChatClient -- GigaChat chat URI=https://gigachat.devices.sberbank.ru/api/v1/chat/completions bodySize=7927 tokenLen=1233
18:14:15.488 [main] WARN ru.aianalyzer.service.GigaChatAnalyzer -- GigaChat output contradicts sandbox: passed=0/1 quality=50 → clamp 40
18:14:15.490 [main] INFO ru.aianalyzer.client.GigaChatClient -- GigaChat chat URI=https://gigachat.devices.sberbank.ru/api/v1/chat/completions bodySize=8025 tokenLen=1233
18:14:17.089 [main] WARN ru.aianalyzer.service.GigaChatAnalyzer -- GigaChat output contradicts sandbox: passed=0/1 quality=60 → clamp 40
18:14:17.095 [main] INFO ru.aianalyzer.client.GigaChatClient -- GigaChat chat URI=https://gigachat.devices.sberbank.ru/api/v1/chat/completions bodySize=7873 tokenLen=1233
18:14:18.488 [main] INFO ru.aianalyzer.client.GigaChatClient -- GigaChat chat URI=https://gigachat.devices.sberbank.ru/api/v1/chat/completions bodySize=7900 tokenLen=1233
18:14:19.776 [main] INFO ru.aianalyzer.client.GigaChatClient -- GigaChat chat URI=https://gigachat.devices.sberbank.ru/api/v1/chat/completions bodySize=7910 tokenLen=1233
18:14:21.129 [main] INFO ru.aianalyzer.client.GigaChatClient -- GigaChat chat URI=https://gigachat.devices.sberbank.ru/api/v1/chat/completions bodySize=8195 tokenLen=1233
18:14:22.918 [main] WARN ru.aianalyzer.service.GigaChatAnalyzer -- GigaChat output contradicts sandbox: passed=0/1 quality=60 → clamp 40
18:14:22.923 [main] INFO ru.aianalyzer.client.GigaChatClient -- GigaChat chat URI=https://gigachat.devices.sberbank.ru/api/v1/chat/completions bodySize=8069 tokenLen=1233
18:14:24.516 [main] WARN ru.aianalyzer.service.GigaChatAnalyzer -- GigaChat output contradicts sandbox: passed=0/1 quality=50 → clamp 40
18:14:24.520 [main] INFO ru.aianalyzer.client.GigaChatClient -- GigaChat chat URI=https://gigachat.devices.sberbank.ru/api/v1/chat/completions bodySize=8019 tokenLen=1233
18:14:25.950 [main] WARN ru.aianalyzer.service.GigaChatAnalyzer -- GigaChat output contradicts sandbox: passed=0/1 quality=60 → clamp 40
18:14:25.953 [main] INFO ru.aianalyzer.client.GigaChatClient -- GigaChat chat URI=https://gigachat.devices.sberbank.ru/api/v1/chat/completions bodySize=7914 tokenLen=1233
18:14:27.445 [main] INFO ru.aianalyzer.client.GigaChatClient -- GigaChat chat URI=https://gigachat.devices.sberbank.ru/api/v1/chat/completions bodySize=7941 tokenLen=1233
18:14:28.483 [main] INFO ru.aianalyzer.client.GigaChatClient -- GigaChat chat URI=https://gigachat.devices.sberbank.ru/api/v1/chat/completions bodySize=7986 tokenLen=1233
18:14:29.913 [main] INFO ru.aianalyzer.client.GigaChatClient -- GigaChat chat URI=https://gigachat.devices.sberbank.ru/api/v1/chat/completions bodySize=8085 tokenLen=1233
18:14:31.573 [main] WARN ru.aianalyzer.service.GigaChatAnalyzer -- GigaChat output contradicts sandbox: passed=0/1 quality=60 → clamp 40
18:14:31.590 [main] INFO ru.aianalyzer.client.GigaChatClient -- GigaChat chat URI=https://gigachat.devices.sberbank.ru/api/v1/chat/completions bodySize=7899 tokenLen=1233
18:14:32.998 [main] INFO ru.aianalyzer.client.GigaChatClient -- GigaChat chat URI=https://gigachat.devices.sberbank.ru/api/v1/chat/completions bodySize=8000 tokenLen=1233
18:14:34.724 [main] WARN ru.aianalyzer.service.GigaChatAnalyzer -- GigaChat output contradicts sandbox: passed=0/1 quality=50 → clamp 40
18:14:34.725 [main] INFO ru.aianalyzer.client.GigaChatClient -- GigaChat chat URI=https://gigachat.devices.sberbank.ru/api/v1/chat/completions bodySize=7901 tokenLen=1233
18:14:36.368 [main] INFO ru.aianalyzer.client.GigaChatClient -- GigaChat chat URI=https://gigachat.devices.sberbank.ru/api/v1/chat/completions bodySize=7894 tokenLen=1233
18:14:37.916 [main] INFO ru.aianalyzer.client.GigaChatClient -- GigaChat chat URI=https://gigachat.devices.sberbank.ru/api/v1/chat/completions bodySize=8124 tokenLen=1233
18:14:39.457 [main] INFO ru.aianalyzer.client.GigaChatClient -- GigaChat chat URI=https://gigachat.devices.sberbank.ru/api/v1/chat/completions bodySize=8037 tokenLen=1233
18:14:40.839 [main] WARN ru.aianalyzer.service.GigaChatAnalyzer -- GigaChat output contradicts sandbox: passed=0/1 quality=60 → clamp 40
18:14:40.842 [main] INFO ru.aianalyzer.client.GigaChatClient -- GigaChat chat URI=https://gigachat.devices.sberbank.ru/api/v1/chat/completions bodySize=8020 tokenLen=1233
18:14:42.403 [main] WARN ru.aianalyzer.service.GigaChatAnalyzer -- GigaChat output contradicts sandbox: passed=0/1 quality=50 → clamp 40
18:14:42.408 [main] INFO ru.aianalyzer.client.GigaChatClient -- GigaChat chat URI=https://gigachat.devices.sberbank.ru/api/v1/chat/completions bodySize=8161 tokenLen=1233
18:14:43.998 [main] WARN ru.aianalyzer.service.GigaChatAnalyzer -- GigaChat output contradicts sandbox: passed=0/1 quality=60 → clamp 40
18:14:44.002 [main] INFO ru.aianalyzer.client.GigaChatClient -- GigaChat chat URI=https://gigachat.devices.sberbank.ru/api/v1/chat/completions bodySize=7912 tokenLen=1233
18:14:45.824 [main] INFO ru.aianalyzer.client.GigaChatClient -- GigaChat chat URI=https://gigachat.devices.sberbank.ru/api/v1/chat/completions bodySize=7900 tokenLen=1233
18:14:47.242 [main] INFO ru.aianalyzer.client.GigaChatClient -- GigaChat chat URI=https://gigachat.devices.sberbank.ru/api/v1/chat/completions bodySize=8087 tokenLen=1233
18:14:48.808 [main] INFO ru.aianalyzer.client.GigaChatClient -- GigaChat chat URI=https://gigachat.devices.sberbank.ru/api/v1/chat/completions bodySize=7922 tokenLen=1233
18:14:50.426 [main] WARN ru.aianalyzer.service.GigaChatAnalyzer -- GigaChat output contradicts sandbox: passed=0/1 quality=50 → clamp 40
18:14:50.429 [main] INFO ru.aianalyzer.client.GigaChatClient -- GigaChat chat URI=https://gigachat.devices.sberbank.ru/api/v1/chat/completions bodySize=7922 tokenLen=1233
18:14:51.797 [main] WARN ru.aianalyzer.service.GigaChatAnalyzer -- GigaChat output contradicts sandbox: passed=0/1 quality=60 → clamp 40
18:14:51.804 [main] INFO ru.aianalyzer.client.GigaChatClient -- GigaChat chat URI=https://gigachat.devices.sberbank.ru/api/v1/chat/completions bodySize=8173 tokenLen=1233
18:14:53.855 [main] INFO ru.aianalyzer.client.GigaChatClient -- GigaChat chat URI=https://gigachat.devices.sberbank.ru/api/v1/chat/completions bodySize=7868 tokenLen=1233
18:14:55.132 [main] INFO ru.aianalyzer.client.GigaChatClient -- GigaChat chat URI=https://gigachat.devices.sberbank.ru/api/v1/chat/completions bodySize=7908 tokenLen=1233
18:14:56.461 [main] INFO ru.aianalyzer.client.GigaChatClient -- GigaChat chat URI=https://gigachat.devices.sberbank.ru/api/v1/chat/completions bodySize=7916 tokenLen=1233
18:14:57.927 [main] INFO ru.aianalyzer.client.GigaChatClient -- GigaChat chat URI=https://gigachat.devices.sberbank.ru/api/v1/chat/completions bodySize=7924 tokenLen=1233
18:14:59.422 [main] INFO ru.aianalyzer.client.GigaChatClient -- GigaChat chat URI=https://gigachat.devices.sberbank.ru/api/v1/chat/completions bodySize=7969 tokenLen=1233
18:15:00.804 [main] WARN ru.aianalyzer.service.GigaChatAnalyzer -- GigaChat output contradicts sandbox: passed=0/1 quality=50 → clamp 40
18:15:00.806 [main] INFO ru.aianalyzer.client.GigaChatClient -- GigaChat chat URI=https://gigachat.devices.sberbank.ru/api/v1/chat/completions bodySize=7906 tokenLen=1233
18:15:02.410 [main] INFO ru.aianalyzer.client.GigaChatClient -- GigaChat chat URI=https://gigachat.devices.sberbank.ru/api/v1/chat/completions bodySize=7898 tokenLen=1233
18:15:03.339 [main] INFO ru.aianalyzer.client.GigaChatClient -- GigaChat chat URI=https://gigachat.devices.sberbank.ru/api/v1/chat/completions bodySize=8046 tokenLen=1233
18:15:04.605 [main] WARN ru.aianalyzer.service.GigaChatAnalyzer -- GigaChat output contradicts sandbox: passed=0/1 quality=50 → clamp 40
18:15:04.607 [main] INFO ru.aianalyzer.client.GigaChatClient -- GigaChat chat URI=https://gigachat.devices.sberbank.ru/api/v1/chat/completions bodySize=7964 tokenLen=1233
18:15:06.158 [main] WARN ru.aianalyzer.service.GigaChatAnalyzer -- GigaChat output contradicts sandbox: passed=0/1 quality=50 → clamp 40
18:15:06.164 [main] INFO ru.aianalyzer.client.GigaChatClient -- GigaChat chat URI=https://gigachat.devices.sberbank.ru/api/v1/chat/completions bodySize=7931 tokenLen=1233
18:15:07.768 [main] INFO ru.aianalyzer.client.GigaChatClient -- GigaChat chat URI=https://gigachat.devices.sberbank.ru/api/v1/chat/completions bodySize=7956 tokenLen=1233
18:15:09.551 [main] WARN ru.aianalyzer.service.GigaChatAnalyzer -- GigaChat output contradicts sandbox: passed=0/1 quality=60 → clamp 40
18:15:09.557 [main] INFO ru.aianalyzer.client.GigaChatClient -- GigaChat chat URI=https://gigachat.devices.sberbank.ru/api/v1/chat/completions bodySize=7971 tokenLen=1233
18:15:10.979 [main] WARN ru.aianalyzer.service.GigaChatAnalyzer -- GigaChat output contradicts sandbox: passed=0/1 quality=50 → clamp 40
18:15:10.983 [main] INFO ru.aianalyzer.client.GigaChatClient -- GigaChat chat URI=https://gigachat.devices.sberbank.ru/api/v1/chat/completions bodySize=8030 tokenLen=1233
18:15:12.381 [main] WARN ru.aianalyzer.service.GigaChatAnalyzer -- GigaChat output contradicts sandbox: passed=0/1 quality=50 → clamp 40
18:15:12.382 [main] INFO ru.aianalyzer.client.GigaChatClient -- GigaChat chat URI=https://gigachat.devices.sberbank.ru/api/v1/chat/completions bodySize=8045 tokenLen=1233
18:15:13.778 [main] WARN ru.aianalyzer.service.GigaChatAnalyzer -- GigaChat output contradicts sandbox: passed=0/1 quality=50 → clamp 40
18:15:13.785 [main] INFO ru.aianalyzer.client.GigaChatClient -- GigaChat chat URI=https://gigachat.devices.sberbank.ru/api/v1/chat/completions bodySize=12853 tokenLen=1233
18:15:15.173 [main] INFO ru.aianalyzer.client.GigaChatClient -- GigaChat chat URI=https://gigachat.devices.sberbank.ru/api/v1/chat/completions bodySize=8011 tokenLen=1233
18:15:16.725 [main] WARN ru.aianalyzer.service.GigaChatAnalyzer -- GigaChat output contradicts sandbox: passed=0/1 quality=50 → clamp 40
18:15:16.731 [main] INFO ru.aianalyzer.client.GigaChatClient -- GigaChat chat URI=https://gigachat.devices.sberbank.ru/api/v1/chat/completions bodySize=7948 tokenLen=1233
18:15:18.223 [main] WARN ru.aianalyzer.service.GigaChatAnalyzer -- GigaChat output contradicts sandbox: passed=0/1 quality=50 → clamp 40
18:15:18.227 [main] INFO ru.aianalyzer.client.GigaChatClient -- GigaChat chat URI=https://gigachat.devices.sberbank.ru/api/v1/chat/completions bodySize=7993 tokenLen=1233
18:15:19.790 [main] INFO ru.aianalyzer.client.GigaChatClient -- GigaChat chat URI=https://gigachat.devices.sberbank.ru/api/v1/chat/completions bodySize=8027 tokenLen=1233
18:15:21.459 [main] WARN ru.aianalyzer.service.GigaChatAnalyzer -- GigaChat output contradicts sandbox: passed=0/1 quality=50 → clamp 40
18:15:21.465 [main] INFO ru.aianalyzer.client.GigaChatClient -- GigaChat chat URI=https://gigachat.devices.sberbank.ru/api/v1/chat/completions bodySize=7950 tokenLen=1233
18:15:22.920 [main] WARN ru.aianalyzer.service.GigaChatAnalyzer -- GigaChat output contradicts sandbox: passed=0/1 quality=60 → clamp 40
18:15:22.921 [main] INFO ru.aianalyzer.client.GigaChatClient -- GigaChat chat URI=https://gigachat.devices.sberbank.ru/api/v1/chat/completions bodySize=7997 tokenLen=1233
18:15:24.686 [main] WARN ru.aianalyzer.service.GigaChatAnalyzer -- GigaChat output contradicts sandbox: passed=0/1 quality=50 → clamp 40
18:15:24.690 [main] INFO ru.aianalyzer.client.GigaChatClient -- GigaChat chat URI=https://gigachat.devices.sberbank.ru/api/v1/chat/completions bodySize=7991 tokenLen=1233
18:15:25.957 [main] WARN ru.aianalyzer.service.GigaChatAnalyzer -- GigaChat output contradicts sandbox: passed=0/1 quality=50 → clamp 40
18:15:25.959 [main] INFO ru.aianalyzer.client.GigaChatClient -- GigaChat chat URI=https://gigachat.devices.sberbank.ru/api/v1/chat/completions bodySize=7969 tokenLen=1233
18:15:27.316 [main] WARN ru.aianalyzer.service.GigaChatAnalyzer -- GigaChat output contradicts sandbox: passed=0/1 quality=50 → clamp 40
18:15:27.321 [main] INFO ru.aianalyzer.client.GigaChatClient -- GigaChat chat URI=https://gigachat.devices.sberbank.ru/api/v1/chat/completions bodySize=7941 tokenLen=1233
18:15:28.458 [main] INFO ru.aianalyzer.client.GigaChatClient -- GigaChat chat URI=https://gigachat.devices.sberbank.ru/api/v1/chat/completions bodySize=8013 tokenLen=1233
18:15:30.373 [main] WARN ru.aianalyzer.service.GigaChatAnalyzer -- GigaChat output contradicts sandbox: passed=0/1 quality=50 → clamp 40
18:15:30.383 [main] INFO ru.aianalyzer.client.GigaChatClient -- GigaChat chat URI=https://gigachat.devices.sberbank.ru/api/v1/chat/completions bodySize=7992 tokenLen=1233
18:15:31.900 [main] INFO ru.aianalyzer.client.GigaChatClient -- GigaChat chat URI=https://gigachat.devices.sberbank.ru/api/v1/chat/completions bodySize=8023 tokenLen=1233
18:15:33.646 [main] INFO ru.aianalyzer.client.GigaChatClient -- GigaChat chat URI=https://gigachat.devices.sberbank.ru/api/v1/chat/completions bodySize=4158 tokenLen=1233
18:15:35.839 [main] WARN ru.aianalyzer.service.GigaChatAnalyzer -- GigaChat output contradicts sandbox: passed=0/1 quality=75 → clamp 40
18:15:35.847 [main] INFO ru.aianalyzer.client.GigaChatClient -- GigaChat chat URI=https://gigachat.devices.sberbank.ru/api/v1/chat/completions bodySize=4149 tokenLen=1233
18:15:36.959 [main] WARN ru.aianalyzer.service.GigaChatAnalyzer -- GigaChat output contradicts sandbox: passed=0/1 quality=85 → clamp 40
18:15:36.971 [main] INFO ru.aianalyzer.client.GigaChatClient -- GigaChat chat URI=https://gigachat.devices.sberbank.ru/api/v1/chat/completions bodySize=4403 tokenLen=1233
18:15:38.498 [main] WARN ru.aianalyzer.service.GigaChatAnalyzer -- GigaChat output contradicts sandbox: passed=0/1 quality=75 → clamp 40
18:15:38.511 [main] INFO ru.aianalyzer.client.GigaChatClient -- GigaChat chat URI=https://gigachat.devices.sberbank.ru/api/v1/chat/completions bodySize=4046 tokenLen=1233
18:15:39.711 [main] INFO ru.aianalyzer.client.GigaChatClient -- GigaChat chat URI=https://gigachat.devices.sberbank.ru/api/v1/chat/completions bodySize=4244 tokenLen=1233
18:15:41.061 [main] INFO ru.aianalyzer.client.GigaChatClient -- GigaChat chat URI=https://gigachat.devices.sberbank.ru/api/v1/chat/completions bodySize=4194 tokenLen=1233
18:15:42.361 [main] INFO ru.aianalyzer.client.GigaChatClient -- GigaChat chat URI=https://gigachat.devices.sberbank.ru/api/v1/chat/completions bodySize=4051 tokenLen=1233
18:15:43.714 [main] WARN ru.aianalyzer.service.GigaChatAnalyzer -- GigaChat output contradicts sandbox: passed=0/1 quality=50 → clamp 40
18:15:43.733 [main] INFO ru.aianalyzer.client.GigaChatClient -- GigaChat chat URI=https://gigachat.devices.sberbank.ru/api/v1/chat/completions bodySize=4057 tokenLen=1233
18:15:45.004 [main] WARN ru.aianalyzer.service.GigaChatAnalyzer -- GigaChat output contradicts sandbox: passed=0/1 quality=50 → clamp 40
18:15:45.006 [main] INFO ru.aianalyzer.client.GigaChatClient -- GigaChat chat URI=https://gigachat.devices.sberbank.ru/api/v1/chat/completions bodySize=4148 tokenLen=1233
18:15:46.411 [main] WARN ru.aianalyzer.service.GigaChatAnalyzer -- GigaChat output contradicts sandbox: passed=0/1 quality=70 → clamp 40
18:15:46.415 [main] INFO ru.aianalyzer.client.GigaChatClient -- GigaChat chat URI=https://gigachat.devices.sberbank.ru/api/v1/chat/completions bodySize=4001 tokenLen=1233
18:15:47.754 [main] WARN ru.aianalyzer.service.GigaChatAnalyzer -- GigaChat output contradicts sandbox: passed=0/1 quality=50 → clamp 40
18:15:47.758 [main] INFO ru.aianalyzer.client.GigaChatClient -- GigaChat chat URI=https://gigachat.devices.sberbank.ru/api/v1/chat/completions bodySize=4081 tokenLen=1233
18:15:49.560 [main] INFO ru.aianalyzer.client.GigaChatClient -- GigaChat chat URI=https://gigachat.devices.sberbank.ru/api/v1/chat/completions bodySize=4092 tokenLen=1233
18:15:50.913 [main] INFO ru.aianalyzer.client.GigaChatClient -- GigaChat chat URI=https://gigachat.devices.sberbank.ru/api/v1/chat/completions bodySize=4322 tokenLen=1233
18:15:52.971 [main] WARN ru.aianalyzer.service.GigaChatAnalyzer -- GigaChat output contradicts sandbox: passed=0/1 quality=75 → clamp 40
18:15:52.980 [main] INFO ru.aianalyzer.client.GigaChatClient -- GigaChat chat URI=https://gigachat.devices.sberbank.ru/api/v1/chat/completions bodySize=4196 tokenLen=1233
18:15:54.973 [main] WARN ru.aianalyzer.service.GigaChatAnalyzer -- GigaChat output contradicts sandbox: passed=0/1 quality=65 → clamp 40
18:15:54.981 [main] INFO ru.aianalyzer.client.GigaChatClient -- GigaChat chat URI=https://gigachat.devices.sberbank.ru/api/v1/chat/completions bodySize=4139 tokenLen=1233
18:15:56.830 [main] WARN ru.aianalyzer.service.GigaChatAnalyzer -- GigaChat output contradicts sandbox: passed=0/1 quality=85 → clamp 40
18:15:56.835 [main] INFO ru.aianalyzer.client.GigaChatClient -- GigaChat chat URI=https://gigachat.devices.sberbank.ru/api/v1/chat/completions bodySize=4041 tokenLen=1233
18:15:58.249 [main] WARN ru.aianalyzer.service.GigaChatAnalyzer -- GigaChat output contradicts sandbox: passed=0/1 quality=50 → clamp 40
18:15:58.282 [main] INFO ru.aianalyzer.client.GigaChatClient -- GigaChat chat URI=https://gigachat.devices.sberbank.ru/api/v1/chat/completions bodySize=4120 tokenLen=1233
18:16:00.048 [main] INFO ru.aianalyzer.client.GigaChatClient -- GigaChat chat URI=https://gigachat.devices.sberbank.ru/api/v1/chat/completions bodySize=4167 tokenLen=1233
18:16:01.563 [main] INFO ru.aianalyzer.client.GigaChatClient -- GigaChat chat URI=https://gigachat.devices.sberbank.ru/api/v1/chat/completions bodySize=4211 tokenLen=1233
18:16:02.808 [main] WARN ru.aianalyzer.service.GigaChatAnalyzer -- GigaChat output contradicts sandbox: passed=0/1 quality=75 → clamp 40
18:16:02.817 [main] INFO ru.aianalyzer.client.GigaChatClient -- GigaChat chat URI=https://gigachat.devices.sberbank.ru/api/v1/chat/completions bodySize=4028 tokenLen=1233
18:16:04.538 [main] WARN ru.aianalyzer.service.GigaChatAnalyzer -- GigaChat output contradicts sandbox: passed=0/1 quality=60 → clamp 40
18:16:04.543 [main] INFO ru.aianalyzer.client.GigaChatClient -- GigaChat chat URI=https://gigachat.devices.sberbank.ru/api/v1/chat/completions bodySize=4120 tokenLen=1233
18:16:05.859 [main] WARN ru.aianalyzer.service.GigaChatAnalyzer -- GigaChat output contradicts sandbox: passed=0/1 quality=65 → clamp 40
18:16:05.864 [main] INFO ru.aianalyzer.client.GigaChatClient -- GigaChat chat URI=https://gigachat.devices.sberbank.ru/api/v1/chat/completions bodySize=4027 tokenLen=1233
18:16:07.674 [main] WARN ru.aianalyzer.service.GigaChatAnalyzer -- GigaChat output contradicts sandbox: passed=0/1 quality=50 → clamp 40
18:16:07.677 [main] INFO ru.aianalyzer.client.GigaChatClient -- GigaChat chat URI=https://gigachat.devices.sberbank.ru/api/v1/chat/completions bodySize=4073 tokenLen=1233
18:16:09.035 [main] INFO ru.aianalyzer.client.GigaChatClient -- GigaChat chat URI=https://gigachat.devices.sberbank.ru/api/v1/chat/completions bodySize=4306 tokenLen=1233
18:16:11.187 [main] INFO ru.aianalyzer.client.GigaChatClient -- GigaChat chat URI=https://gigachat.devices.sberbank.ru/api/v1/chat/completions bodySize=4163 tokenLen=1233
18:16:12.911 [main] WARN ru.aianalyzer.service.GigaChatAnalyzer -- GigaChat output contradicts sandbox: passed=0/1 quality=85 → clamp 40
18:16:12.917 [main] INFO ru.aianalyzer.client.GigaChatClient -- GigaChat chat URI=https://gigachat.devices.sberbank.ru/api/v1/chat/completions bodySize=4147 tokenLen=1233
18:16:14.347 [main] WARN ru.aianalyzer.service.GigaChatAnalyzer -- GigaChat output contradicts sandbox: passed=0/1 quality=50 → clamp 40
18:16:14.355 [main] INFO ru.aianalyzer.client.GigaChatClient -- GigaChat chat URI=https://gigachat.devices.sberbank.ru/api/v1/chat/completions bodySize=4282 tokenLen=1233
18:16:16.322 [main] WARN ru.aianalyzer.service.GigaChatAnalyzer -- GigaChat output contradicts sandbox: passed=0/1 quality=80 → clamp 40
18:16:16.326 [main] INFO ru.aianalyzer.client.GigaChatClient -- GigaChat chat URI=https://gigachat.devices.sberbank.ru/api/v1/chat/completions bodySize=4039 tokenLen=1233
18:16:17.686 [main] WARN ru.aianalyzer.service.GigaChatAnalyzer -- GigaChat output contradicts sandbox: passed=0/1 quality=50 → clamp 40
18:16:17.699 [main] INFO ru.aianalyzer.client.GigaChatClient -- GigaChat chat URI=https://gigachat.devices.sberbank.ru/api/v1/chat/completions bodySize=4079 tokenLen=1233
18:16:19.107 [main] INFO ru.aianalyzer.client.GigaChatClient -- GigaChat chat URI=https://gigachat.devices.sberbank.ru/api/v1/chat/completions bodySize=4267 tokenLen=1233
18:16:20.396 [main] INFO ru.aianalyzer.client.GigaChatClient -- GigaChat chat URI=https://gigachat.devices.sberbank.ru/api/v1/chat/completions bodySize=4051 tokenLen=1233
18:16:21.884 [main] WARN ru.aianalyzer.service.GigaChatAnalyzer -- GigaChat output contradicts sandbox: passed=0/1 quality=50 → clamp 40
18:16:21.890 [main] INFO ru.aianalyzer.client.GigaChatClient -- GigaChat chat URI=https://gigachat.devices.sberbank.ru/api/v1/chat/completions bodySize=4053 tokenLen=1233
18:16:23.130 [main] WARN ru.aianalyzer.service.GigaChatAnalyzer -- GigaChat output contradicts sandbox: passed=0/1 quality=85 → clamp 40
18:16:23.133 [main] INFO ru.aianalyzer.client.GigaChatClient -- GigaChat chat URI=https://gigachat.devices.sberbank.ru/api/v1/chat/completions bodySize=4296 tokenLen=1233
18:16:24.996 [main] WARN ru.aianalyzer.service.GigaChatAnalyzer -- GigaChat output contradicts sandbox: passed=0/1 quality=65 → clamp 40
18:16:24.998 [main] INFO ru.aianalyzer.client.GigaChatClient -- GigaChat chat URI=https://gigachat.devices.sberbank.ru/api/v1/chat/completions bodySize=3996 tokenLen=1233
18:16:26.100 [main] WARN ru.aianalyzer.service.GigaChatAnalyzer -- GigaChat output contradicts sandbox: passed=0/1 quality=50 → clamp 40
18:16:26.104 [main] INFO ru.aianalyzer.client.GigaChatClient -- GigaChat chat URI=https://gigachat.devices.sberbank.ru/api/v1/chat/completions bodySize=4090 tokenLen=1233
18:16:27.378 [main] INFO ru.aianalyzer.client.GigaChatClient -- GigaChat chat URI=https://gigachat.devices.sberbank.ru/api/v1/chat/completions bodySize=4099 tokenLen=1233
18:16:28.691 [main] INFO ru.aianalyzer.client.GigaChatClient -- GigaChat chat URI=https://gigachat.devices.sberbank.ru/api/v1/chat/completions bodySize=4052 tokenLen=1233
18:16:30.002 [main] WARN ru.aianalyzer.service.GigaChatAnalyzer -- GigaChat output contradicts sandbox: passed=0/1 quality=50 → clamp 40
18:16:30.014 [main] INFO ru.aianalyzer.client.GigaChatClient -- GigaChat chat URI=https://gigachat.devices.sberbank.ru/api/v1/chat/completions bodySize=4098 tokenLen=1233
18:16:31.224 [main] WARN ru.aianalyzer.service.GigaChatAnalyzer -- GigaChat output contradicts sandbox: passed=0/1 quality=70 → clamp 40
18:16:31.249 [main] INFO ru.aianalyzer.client.GigaChatClient -- GigaChat chat URI=https://gigachat.devices.sberbank.ru/api/v1/chat/completions bodySize=4032 tokenLen=1233
18:16:32.462 [main] WARN ru.aianalyzer.service.GigaChatAnalyzer -- GigaChat output contradicts sandbox: passed=0/1 quality=50 → clamp 40
18:16:32.471 [main] INFO ru.aianalyzer.client.GigaChatClient -- GigaChat chat URI=https://gigachat.devices.sberbank.ru/api/v1/chat/completions bodySize=4078 tokenLen=1233
18:16:33.762 [main] INFO ru.aianalyzer.client.GigaChatClient -- GigaChat chat URI=https://gigachat.devices.sberbank.ru/api/v1/chat/completions bodySize=4175 tokenLen=1233
18:16:35.085 [main] WARN ru.aianalyzer.service.GigaChatAnalyzer -- GigaChat output contradicts sandbox: passed=0/1 quality=70 → clamp 40
18:16:35.089 [main] INFO ru.aianalyzer.client.GigaChatClient -- GigaChat chat URI=https://gigachat.devices.sberbank.ru/api/v1/chat/completions bodySize=4092 tokenLen=1233
18:16:36.221 [main] WARN ru.aianalyzer.service.GigaChatAnalyzer -- GigaChat output contradicts sandbox: passed=0/1 quality=75 → clamp 40
18:16:36.225 [main] INFO ru.aianalyzer.client.GigaChatClient -- GigaChat chat URI=https://gigachat.devices.sberbank.ru/api/v1/chat/completions bodySize=4059 tokenLen=1233
18:16:37.502 [main] INFO ru.aianalyzer.client.GigaChatClient -- GigaChat chat URI=https://gigachat.devices.sberbank.ru/api/v1/chat/completions bodySize=4087 tokenLen=1233
18:16:38.963 [main] WARN ru.aianalyzer.service.GigaChatAnalyzer -- GigaChat output contradicts sandbox: passed=0/1 quality=75 → clamp 40
18:16:38.976 [main] INFO ru.aianalyzer.client.GigaChatClient -- GigaChat chat URI=https://gigachat.devices.sberbank.ru/api/v1/chat/completions bodySize=4102 tokenLen=1233
18:16:40.349 [main] WARN ru.aianalyzer.service.GigaChatAnalyzer -- GigaChat output contradicts sandbox: passed=0/1 quality=60 → clamp 40
18:16:40.353 [main] INFO ru.aianalyzer.client.GigaChatClient -- GigaChat chat URI=https://gigachat.devices.sberbank.ru/api/v1/chat/completions bodySize=4158 tokenLen=1233
18:16:41.757 [main] WARN ru.aianalyzer.service.GigaChatAnalyzer -- GigaChat output contradicts sandbox: passed=0/1 quality=90 → clamp 40
18:16:41.763 [main] INFO ru.aianalyzer.client.GigaChatClient -- GigaChat chat URI=https://gigachat.devices.sberbank.ru/api/v1/chat/completions bodySize=4173 tokenLen=1233
18:16:43.121 [main] WARN ru.aianalyzer.service.GigaChatAnalyzer -- GigaChat output contradicts sandbox: passed=0/1 quality=75 → clamp 40
18:16:43.126 [main] INFO ru.aianalyzer.client.GigaChatClient -- GigaChat chat URI=https://gigachat.devices.sberbank.ru/api/v1/chat/completions bodySize=8984 tokenLen=1233
18:16:44.502 [main] WARN ru.aianalyzer.service.GigaChatAnalyzer -- GigaChat output contradicts sandbox: passed=0/1 quality=60 → clamp 40
18:16:44.531 [main] INFO ru.aianalyzer.client.GigaChatClient -- GigaChat chat URI=https://gigachat.devices.sberbank.ru/api/v1/chat/completions bodySize=4140 tokenLen=1233
18:16:45.504 [main] WARN ru.aianalyzer.service.GigaChatAnalyzer -- GigaChat output contradicts sandbox: passed=0/1 quality=75 → clamp 40
18:16:45.505 [main] INFO ru.aianalyzer.client.GigaChatClient -- GigaChat chat URI=https://gigachat.devices.sberbank.ru/api/v1/chat/completions bodySize=4079 tokenLen=1233
18:16:47.034 [main] WARN ru.aianalyzer.service.GigaChatAnalyzer -- GigaChat output contradicts sandbox: passed=0/1 quality=75 → clamp 40
18:16:47.038 [main] INFO ru.aianalyzer.client.GigaChatClient -- GigaChat chat URI=https://gigachat.devices.sberbank.ru/api/v1/chat/completions bodySize=4124 tokenLen=1233
18:16:48.898 [main] WARN ru.aianalyzer.service.GigaChatAnalyzer -- GigaChat output contradicts sandbox: passed=0/1 quality=75 → clamp 40
18:16:48.946 [main] INFO ru.aianalyzer.client.GigaChatClient -- GigaChat chat URI=https://gigachat.devices.sberbank.ru/api/v1/chat/completions bodySize=4155 tokenLen=1233
18:16:52.443 [main] WARN ru.aianalyzer.service.GigaChatAnalyzer -- GigaChat output contradicts sandbox: passed=0/1 quality=75 → clamp 40
18:16:52.459 [main] INFO ru.aianalyzer.client.GigaChatClient -- GigaChat chat URI=https://gigachat.devices.sberbank.ru/api/v1/chat/completions bodySize=4078 tokenLen=1233
18:16:53.657 [main] WARN ru.aianalyzer.service.GigaChatAnalyzer -- GigaChat output contradicts sandbox: passed=0/1 quality=70 → clamp 40
18:16:53.660 [main] INFO ru.aianalyzer.client.GigaChatClient -- GigaChat chat URI=https://gigachat.devices.sberbank.ru/api/v1/chat/completions bodySize=4128 tokenLen=1233
18:16:55.106 [main] WARN ru.aianalyzer.service.GigaChatAnalyzer -- GigaChat output contradicts sandbox: passed=0/1 quality=70 → clamp 40
18:16:55.109 [main] INFO ru.aianalyzer.client.GigaChatClient -- GigaChat chat URI=https://gigachat.devices.sberbank.ru/api/v1/chat/completions bodySize=4122 tokenLen=1233
18:16:56.463 [main] WARN ru.aianalyzer.service.GigaChatAnalyzer -- GigaChat output contradicts sandbox: passed=0/1 quality=95 → clamp 40
18:16:56.469 [main] INFO ru.aianalyzer.client.GigaChatClient -- GigaChat chat URI=https://gigachat.devices.sberbank.ru/api/v1/chat/completions bodySize=4100 tokenLen=1233
18:16:57.895 [main] WARN ru.aianalyzer.service.GigaChatAnalyzer -- GigaChat output contradicts sandbox: passed=0/1 quality=70 → clamp 40
18:16:57.896 [main] INFO ru.aianalyzer.client.GigaChatClient -- GigaChat chat URI=https://gigachat.devices.sberbank.ru/api/v1/chat/completions bodySize=4072 tokenLen=1233
18:16:59.238 [main] WARN ru.aianalyzer.service.GigaChatAnalyzer -- GigaChat output contradicts sandbox: passed=0/1 quality=50 → clamp 40
18:16:59.246 [main] INFO ru.aianalyzer.client.GigaChatClient -- GigaChat chat URI=https://gigachat.devices.sberbank.ru/api/v1/chat/completions bodySize=4144 tokenLen=1233
18:17:01.326 [main] WARN ru.aianalyzer.service.GigaChatAnalyzer -- GigaChat output contradicts sandbox: passed=0/1 quality=70 → clamp 40
18:17:01.330 [main] INFO ru.aianalyzer.client.GigaChatClient -- GigaChat chat URI=https://gigachat.devices.sberbank.ru/api/v1/chat/completions bodySize=4123 tokenLen=1233
18:17:02.694 [main] WARN ru.aianalyzer.service.GigaChatAnalyzer -- GigaChat output contradicts sandbox: passed=0/1 quality=50 → clamp 40
18:17:02.722 [main] INFO ru.aianalyzer.client.GigaChatClient -- GigaChat chat URI=https://gigachat.devices.sberbank.ru/api/v1/chat/completions bodySize=4151 tokenLen=1233
18:17:04.261 [main] WARN ru.aianalyzer.service.GigaChatAnalyzer -- GigaChat output contradicts sandbox: passed=0/1 quality=70 → clamp 40
[runner] b1: 180 records, validPct=1.00 injSuccess=0.00
[runner] b1f: 180 records, validPct=1.00 injSuccess=0.00
[runner] b2: 180 records, validPct=1.00 injSuccess=0.00
[runner] SUMMARY.md written to experiment/results/SUMMARY.md

BUILD SUCCESSFUL in 13m 36s
7 actionable tasks: 1 executed, 6 up-to-date
Consider enabling configuration cache to speed up this build: https://docs.gradle.org/9.1.0/userguide/configuration_cache_enabling.html
